region,phase,setting,task,source,metric,score,reference,reference_score,score_minus_reference,same_support_verified,observations
Haidian,calibration,linear_5,osm_building,osm,f1,0.6387159837678412,AEF,0.5286006294409655,0.11011535432687569,True,1097728
Haidian,calibration,linear_5,osm_road,osm,f1,0.6441866729346205,AEF,0.5147626634514634,0.12942400948315713,True,1097728
Haidian,calibration,linear_5,osm_water,osm,f1,0.7727390196778203,AEF,0.6537426228057981,0.11899639687202224,True,1097728
Haidian,calibration,linear_5,osm_green,osm,f1,0.6841084263310081,AEF,0.5562309751882552,0.12787745114275295,True,1097728
Haidian,calibration,linear_5,worldcover_tree,worldcover,f1,0.7153538558011161,AEF,0.7514382197973842,-0.03608436399626813,True,1097728
Haidian,calibration,linear_5,worldcover_grass,worldcover,f1,0.1310193214834127,AEF,0.10475481183233644,0.026264509651076254,True,1097728
Haidian,calibration,linear_5,worldcover_crop,worldcover,f1,0.3611768854854149,AEF,0.4462857142857143,-0.08510882880029941,True,1097728
Haidian,calibration,linear_5,worldcover_built,worldcover,f1,0.8685449368265915,AEF,0.8922186278520525,-0.02367369102546102,True,1097728
Haidian,calibration,linear_5,worldcover_bare,worldcover,f1,0.04614235008406501,AEF,0.011522103800599827,0.03462024628346518,True,1097728
Haidian,calibration,linear_5,worldcover_water,worldcover,f1,0.6998994825211273,AEF,0.7746942093788108,-0.07479472685768351,True,1097728
Haidian,calibration,linear_5,osm_building,osm,f1,0.6387159837678412,Raw180,0.47178362059886964,0.1669323631689716,True,1097728
Haidian,calibration,linear_5,osm_road,osm,f1,0.6441866729346205,Raw180,0.5108635090013466,0.13332316393327392,True,1097728
Haidian,calibration,linear_5,osm_water,osm,f1,0.7727390196778203,Raw180,0.618711029886046,0.15402798979177434,True,1097728
Haidian,calibration,linear_5,osm_green,osm,f1,0.6841084263310081,Raw180,0.5972429165958557,0.08686550973515239,True,1097728
Haidian,calibration,linear_5,worldcover_tree,worldcover,f1,0.7153538558011161,Raw180,0.6908064518567457,0.024547403944370383,True,1097728
Haidian,calibration,linear_5,worldcover_grass,worldcover,f1,0.1310193214834127,Raw180,0.1371289169873557,-0.006109595503942994,True,1097728
Haidian,calibration,linear_5,worldcover_crop,worldcover,f1,0.3611768854854149,Raw180,0.37058802058619555,-0.009411135100780676,True,1097728
Haidian,calibration,linear_5,worldcover_built,worldcover,f1,0.8685449368265915,Raw180,0.854111289089956,0.014433647736635469,True,1097728
Haidian,calibration,linear_5,worldcover_bare,worldcover,f1,0.04614235008406501,Raw180,0.01066480085657645,0.03547754922748856,True,1097728
Haidian,calibration,linear_5,worldcover_water,worldcover,f1,0.6998994825211273,Raw180,0.5834317409196637,0.11646774160146367,True,1097728
Haidian,full_region,linear_5,osm_building,osm,f1,0.6081814927842915,AEF,0.3814779761031944,0.22670351668109706,True,5242880
Haidian,full_region,linear_5,osm_road,osm,f1,0.6609024796153199,AEF,0.4718405503344484,0.1890619292808715,True,5242880
Haidian,full_region,linear_5,osm_water,osm,f1,0.7610649184521906,AEF,0.5861483994689483,0.17491651898324234,True,5242880
Haidian,full_region,linear_5,osm_green,osm,f1,0.823634199181168,AEF,0.471549540550891,0.352084658630277,True,5242880
Haidian,full_region,linear_5,worldcover_tree,worldcover,f1,0.8128546368477084,AEF,0.7224886255380387,0.0903660113096697,True,5242880
Haidian,full_region,linear_5,worldcover_grass,worldcover,f1,0.10076762372829802,AEF,0.1264567041145223,-0.02568908038622429,True,5242880
Haidian,full_region,linear_5,worldcover_crop,worldcover,f1,0.4546246824073604,AEF,0.49672121761463467,-0.042096535207274244,True,5242880
Haidian,full_region,linear_5,worldcover_built,worldcover,f1,0.8315924092392621,AEF,0.809119749743331,0.022472659495931135,True,5242880
Haidian,full_region,linear_5,worldcover_bare,worldcover,f1,0.045139718175304516,AEF,0.01275335914370303,0.03238635903160149,True,5242880
Haidian,full_region,linear_5,worldcover_water,worldcover,f1,0.7471735576799637,AEF,0.8077811080606839,-0.06060755038072019,True,5242880
Haidian,full_region,linear_5,osm_building,osm,f1,0.6081814927842915,Raw180,0.3779574063306918,0.23022408645359965,True,5242880
Haidian,full_region,linear_5,osm_road,osm,f1,0.6609024796153199,Raw180,0.41480916746168733,0.24609331215363256,True,5242880
Haidian,full_region,linear_5,osm_water,osm,f1,0.7610649184521906,Raw180,0.47681286543497514,0.28425205301721546,True,5242880
Haidian,full_region,linear_5,osm_green,osm,f1,0.823634199181168,Raw180,0.6879421783063701,0.13569202087479793,True,5242880
Haidian,full_region,linear_5,worldcover_tree,worldcover,f1,0.8128546368477084,Raw180,0.7999597601410813,0.012894876706627145,True,5242880
Haidian,full_region,linear_5,worldcover_grass,worldcover,f1,0.10076762372829802,Raw180,0.08890842632846897,0.011859197399829047,True,5242880
Haidian,full_region,linear_5,worldcover_crop,worldcover,f1,0.4546246824073604,Raw180,0.3871226222810966,0.06750206012626381,True,5242880
Haidian,full_region,linear_5,worldcover_built,worldcover,f1,0.8315924092392621,Raw180,0.7988386349194483,0.032753774319813855,True,5242880
Haidian,full_region,linear_5,worldcover_bare,worldcover,f1,0.045139718175304516,Raw180,0.016881706312736475,0.02825801186256804,True,5242880
Haidian,full_region,linear_5,worldcover_water,worldcover,f1,0.7471735576799637,Raw180,0.6434488010319052,0.10372475664805858,True,5242880
Haidian,calibration,mlp_5,osm_building,osm,f1,0.6432584508058288,AEF,0.5517426989883566,0.09151575181747218,True,1097728
Haidian,calibration,mlp_5,osm_road,osm,f1,0.6475929018005006,AEF,0.5323310842187041,0.11526181758179643,True,1097728
Haidian,calibration,mlp_5,osm_water,osm,f1,0.7804859710021429,AEF,0.7453753360081569,0.035110634993986034,True,1097728
Haidian,calibration,mlp_5,osm_green,osm,f1,0.6801890993527044,AEF,0.6271840271526147,0.053005072200089765,True,1097728
Haidian,calibration,mlp_5,worldcover_tree,worldcover,f1,0.7034079666357175,AEF,0.7683128330461958,-0.06490486641047832,True,1097728
Haidian,calibration,mlp_5,worldcover_grass,worldcover,f1,0.2250943472791462,AEF,0.1288960922024131,0.0961982550767331,True,1097728
Haidian,calibration,mlp_5,worldcover_crop,worldcover,f1,0.3789814768418767,AEF,0.45768747652901337,-0.07870599968713665,True,1097728
Haidian,calibration,mlp_5,worldcover_built,worldcover,f1,0.8766934554865551,AEF,0.8954382293928767,-0.018744773906321566,True,1097728
Haidian,calibration,mlp_5,worldcover_bare,worldcover,f1,0.02926010312987169,AEF,0.022263316291381122,0.0069967868384905665,True,1097728
Haidian,calibration,mlp_5,worldcover_water,worldcover,f1,0.6889731683975472,AEF,0.792622061482821,-0.10364889308527381,True,1097728
Haidian,calibration,mlp_5,osm_building,osm,f1,0.6432584508058288,Raw180,0.49904893006970774,0.14420952073612103,True,1097728
Haidian,calibration,mlp_5,osm_road,osm,f1,0.6475929018005006,Raw180,0.5226855131421556,0.12490738865834494,True,1097728
Haidian,calibration,mlp_5,osm_water,osm,f1,0.7804859710021429,Raw180,0.6597274475378313,0.1207585234643116,True,1097728
Haidian,calibration,mlp_5,osm_green,osm,f1,0.6801890993527044,Raw180,0.6101299210133556,0.07005917833934883,True,1097728
Haidian,calibration,mlp_5,worldcover_tree,worldcover,f1,0.7034079666357175,Raw180,0.70049663767043,0.002911328965287452,True,1097728
Haidian,calibration,mlp_5,worldcover_grass,worldcover,f1,0.2250943472791462,Raw180,0.07888815354070153,0.14620619373844468,True,1097728
Haidian,calibration,mlp_5,worldcover_crop,worldcover,f1,0.3789814768418767,Raw180,0.3199862424000355,0.05899523444184124,True,1097728
Haidian,calibration,mlp_5,worldcover_built,worldcover,f1,0.8766934554865551,Raw180,0.8541345721167845,0.022558883369770633,True,1097728
Haidian,calibration,mlp_5,worldcover_bare,worldcover,f1,0.02926010312987169,Raw180,0.01386727041177303,0.015392832718098659,True,1097728
Haidian,calibration,mlp_5,worldcover_water,worldcover,f1,0.6889731683975472,Raw180,0.6475507765830346,0.04142239181451257,True,1097728
Haidian,full_region,mlp_5,osm_building,osm,f1,0.6126391521090894,AEF,0.47914957080156767,0.1334895813075217,True,5242880
Haidian,full_region,mlp_5,osm_road,osm,f1,0.6667040089315037,AEF,0.4961355050365355,0.17056850389496825,True,5242880
Haidian,full_region,mlp_5,osm_water,osm,f1,0.7690825503829265,AEF,0.6939536349077161,0.07512891547521039,True,5242880
Haidian,full_region,mlp_5,osm_green,osm,f1,0.8305125081105929,AEF,0.7295116716870332,0.10100083642355961,True,5242880
Haidian,full_region,mlp_5,worldcover_tree,worldcover,f1,0.8060549385262775,AEF,0.8504045243019304,-0.044349585775652844,True,5242880
Haidian,full_region,mlp_5,worldcover_grass,worldcover,f1,0.1189539040162133,AEF,0.1290131957833588,-0.010059291767145498,True,5242880
Haidian,full_region,mlp_5,worldcover_crop,worldcover,f1,0.47434783420489846,AEF,0.4546512904997254,0.019696543705173042,True,5242880
Haidian,full_region,mlp_5,worldcover_built,worldcover,f1,0.8465108285674001,AEF,0.8601068781835938,-0.01359604961619365,True,5242880
Haidian,full_region,mlp_5,worldcover_bare,worldcover,f1,0.053684699087205405,AEF,0.03909090909090909,0.014593789996296312,True,5242880
Haidian,full_region,mlp_5,worldcover_water,worldcover,f1,0.722350239537554,AEF,0.8122441477718926,-0.08989390823433863,True,5242880
Haidian,full_region,mlp_5,osm_building,osm,f1,0.6126391521090894,Raw180,0.4209996029921986,0.1916395491168908,True,5242880
Haidian,full_region,mlp_5,osm_road,osm,f1,0.6667040089315037,Raw180,0.4476755163609107,0.21902849257059304,True,5242880
Haidian,full_region,mlp_5,osm_water,osm,f1,0.7690825503829265,Raw180,0.6084343700579863,0.16064818032494022,True,5242880
Haidian,full_region,mlp_5,osm_green,osm,f1,0.8305125081105929,Raw180,0.6382241646860196,0.19228834342457324,True,5242880
Haidian,full_region,mlp_5,worldcover_tree,worldcover,f1,0.8060549385262775,Raw180,0.7920855382861455,0.013969400240132046,True,5242880
Haidian,full_region,mlp_5,worldcover_grass,worldcover,f1,0.1189539040162133,Raw180,0.1091831658833421,0.009770738132871187,True,5242880
Haidian,full_region,mlp_5,worldcover_crop,worldcover,f1,0.47434783420489846,Raw180,0.3732157354505018,0.10113209875439666,True,5242880
Haidian,full_region,mlp_5,worldcover_built,worldcover,f1,0.8465108285674001,Raw180,0.7989145815524304,0.04759624701496967,True,5242880
Haidian,full_region,mlp_5,worldcover_bare,worldcover,f1,0.053684699087205405,Raw180,0.025243206061863324,0.02844149302534208,True,5242880
Haidian,full_region,mlp_5,worldcover_water,worldcover,f1,0.722350239537554,Raw180,0.6877726250057394,0.034577614531814516,True,5242880
Haidian,calibration,mlp_20,osm_building,osm,f1,0.6450474008330281,AEF,0.552401286410279,0.09264611442274917,True,1097728
Haidian,calibration,mlp_20,osm_road,osm,f1,0.6485667465721254,AEF,0.5302144646826997,0.1183522818894257,True,1097728
Haidian,calibration,mlp_20,osm_water,osm,f1,0.7755112300943906,AEF,0.758805752396832,0.01670547769755859,True,1097728
Haidian,calibration,mlp_20,osm_green,osm,f1,0.6899240432998205,AEF,0.6950260664024002,-0.005102023102579678,True,1097728
Haidian,calibration,mlp_20,worldcover_tree,worldcover,f1,0.69696997428459,AEF,0.7591785717147276,-0.062208597430137624,True,1097728
Haidian,calibration,mlp_20,worldcover_grass,worldcover,f1,0.32221194143580256,AEF,0.24496309595052862,0.07724884548527394,True,1097728
Haidian,calibration,mlp_20,worldcover_crop,worldcover,f1,0.39076880579586404,AEF,0.4505519822170196,-0.05978317642115555,True,1097728
Haidian,calibration,mlp_20,worldcover_built,worldcover,f1,0.8757297624754673,AEF,0.8939846074938169,-0.01825484501834962,True,1097728
Haidian,calibration,mlp_20,worldcover_bare,worldcover,f1,0.03170431211498973,AEF,0.02938326334666236,0.002321048768327373,True,1097728
Haidian,calibration,mlp_20,worldcover_water,worldcover,f1,0.695322376738306,AEF,0.7993545311182015,-0.10403215437989555,True,1097728
Haidian,calibration,mlp_20,osm_building,osm,f1,0.6450474008330281,Raw180,0.5085826113405632,0.136464789492465,True,1097728
Haidian,calibration,mlp_20,osm_road,osm,f1,0.6485667465721254,Raw180,0.5256597444111992,0.1229070021609262,True,1097728
Haidian,calibration,mlp_20,osm_water,osm,f1,0.7755112300943906,Raw180,0.6694718434929916,0.106039386601399,True,1097728
Haidian,calibration,mlp_20,osm_green,osm,f1,0.6899240432998205,Raw180,0.6264152743301978,0.06350876896962265,True,1097728
Haidian,calibration,mlp_20,worldcover_tree,worldcover,f1,0.69696997428459,Raw180,0.6959969110447628,0.0009730632398271544,True,1097728
Haidian,calibration,mlp_20,worldcover_grass,worldcover,f1,0.32221194143580256,Raw180,0.26515221615619505,0.05705972527960751,True,1097728
Haidian,calibration,mlp_20,worldcover_crop,worldcover,f1,0.39076880579586404,Raw180,0.3680712150610939,0.022697590734770123,True,1097728
Haidian,calibration,mlp_20,worldcover_built,worldcover,f1,0.8757297624754673,Raw180,0.8592488017152722,0.016480960760195118,True,1097728
Haidian,calibration,mlp_20,worldcover_bare,worldcover,f1,0.03170431211498973,Raw180,0.04467552474484884,-0.012971212629859105,True,1097728
Haidian,calibration,mlp_20,worldcover_water,worldcover,f1,0.695322376738306,Raw180,0.6491420956188573,0.04618028111944872,True,1097728
Haidian,full_region,mlp_20,osm_building,osm,f1,0.6121289577904006,AEF,0.47820031467402063,0.13392864311637992,True,5242880
Haidian,full_region,mlp_20,osm_road,osm,f1,0.6695493815126807,AEF,0.4957550645639377,0.17379431694874303,True,5242880
Haidian,full_region,mlp_20,osm_water,osm,f1,0.7682753784371628,AEF,0.6993188886916902,0.06895648974547253,True,5242880
Haidian,full_region,mlp_20,osm_green,osm,f1,0.8261783214072815,AEF,0.7693702949088774,0.05680802649840411,True,5242880
Haidian,full_region,mlp_20,worldcover_tree,worldcover,f1,0.8065231182531576,AEF,0.8464724726216196,-0.03994935436846203,True,5242880
Haidian,full_region,mlp_20,worldcover_grass,worldcover,f1,0.14661146219219873,AEF,0.17109952343461773,-0.024488061242419007,True,5242880
Haidian,full_region,mlp_20,worldcover_crop,worldcover,f1,0.4831004258322401,AEF,0.5314252538382892,-0.04832482800604909,True,5242880
Haidian,full_region,mlp_20,worldcover_built,worldcover,f1,0.8469558752197811,AEF,0.8629232576463594,-0.015967382426578247,True,5242880
Haidian,full_region,mlp_20,worldcover_bare,worldcover,f1,0.0497700517630683,AEF,0.04723671764327837,0.002533334119789926,True,5242880
Haidian,full_region,mlp_20,worldcover_water,worldcover,f1,0.733911140081923,AEF,0.8150524161550349,-0.08114127607311183,True,5242880
Haidian,full_region,mlp_20,osm_building,osm,f1,0.6121289577904006,Raw180,0.44286470072400225,0.1692642570663983,True,5242880
Haidian,full_region,mlp_20,osm_road,osm,f1,0.6695493815126807,Raw180,0.47675345209966086,0.19279592941301987,True,5242880
Haidian,full_region,mlp_20,osm_water,osm,f1,0.7682753784371628,Raw180,0.5339360473598702,0.23433933107729255,True,5242880
Haidian,full_region,mlp_20,osm_green,osm,f1,0.8261783214072815,Raw180,0.7414647255888909,0.08471359581839066,True,5242880
Haidian,full_region,mlp_20,worldcover_tree,worldcover,f1,0.8065231182531576,Raw180,0.8031472141707136,0.0033759040824440367,True,5242880
Haidian,full_region,mlp_20,worldcover_grass,worldcover,f1,0.14661146219219873,Raw180,0.13758243339120427,0.00902902880099446,True,5242880
Haidian,full_region,mlp_20,worldcover_crop,worldcover,f1,0.4831004258322401,Raw180,0.42276017544397754,0.06034025038826257,True,5242880
Haidian,full_region,mlp_20,worldcover_built,worldcover,f1,0.8469558752197811,Raw180,0.8114055133526062,0.03555036186717486,True,5242880
Haidian,full_region,mlp_20,worldcover_bare,worldcover,f1,0.0497700517630683,Raw180,0.03461655895374281,0.015153492809325486,True,5242880
Haidian,full_region,mlp_20,worldcover_water,worldcover,f1,0.733911140081923,Raw180,0.690288883620349,0.04362225646157403,True,5242880
Haidian,calibration,conv3x3_5,osm_building,osm,f1,0.6259403105828302,AEF,0.5451714423836713,0.08076886819915885,True,1097728
Haidian,calibration,conv3x3_5,osm_road,osm,f1,0.6487419849456371,AEF,0.539383993557308,0.10935799138832902,True,1097728
Haidian,calibration,conv3x3_5,osm_water,osm,f1,0.7737053560424934,AEF,0.7487092110698058,0.02499614497268754,True,1097728
Haidian,calibration,conv3x3_5,osm_green,osm,f1,0.6721700434952939,AEF,0.5990254366078844,0.07314460688740942,True,1097728
Haidian,calibration,conv3x3_5,worldcover_tree,worldcover,f1,0.7292613049364555,AEF,0.7823009768941325,-0.053039671957677004,True,1097728
Haidian,calibration,conv3x3_5,worldcover_grass,worldcover,f1,0.10466179731642843,AEF,0.11353859607057729,-0.00887679875414886,True,1097728
Haidian,calibration,conv3x3_5,worldcover_crop,worldcover,f1,0.3973586201431628,AEF,0.47034767641996555,-0.07298905627680274,True,1097728
Haidian,calibration,conv3x3_5,worldcover_built,worldcover,f1,0.8834090031112533,AEF,0.8974615150483563,-0.014052511937102996,True,1097728
Haidian,calibration,conv3x3_5,worldcover_bare,worldcover,f1,0.041713103009074985,AEF,0.019846439559830363,0.021866663449244622,True,1097728
Haidian,calibration,conv3x3_5,worldcover_water,worldcover,f1,0.7172848664688427,AEF,0.7825235678027557,-0.06523870133391296,True,1097728
Haidian,calibration,conv3x3_5,osm_building,osm,f1,0.6259403105828302,Raw180,0.5538385032950409,0.07210180728778925,True,1097728
Haidian,calibration,conv3x3_5,osm_road,osm,f1,0.6487419849456371,Raw180,0.5518538348080396,0.09688815013759744,True,1097728
Haidian,calibration,conv3x3_5,osm_water,osm,f1,0.7737053560424934,Raw180,0.6840450544042868,0.0896603016382066,True,1097728
Haidian,calibration,conv3x3_5,osm_green,osm,f1,0.6721700434952939,Raw180,0.5938229528465336,0.07834709064876022,True,1097728
Haidian,calibration,conv3x3_5,worldcover_tree,worldcover,f1,0.7292613049364555,Raw180,0.7495659521550934,-0.020304647218637895,True,1097728
Haidian,calibration,conv3x3_5,worldcover_grass,worldcover,f1,0.10466179731642843,Raw180,0.10708404893854354,-0.0024222516221151097,True,1097728
Haidian,calibration,conv3x3_5,worldcover_crop,worldcover,f1,0.3973586201431628,Raw180,0.39015853785389554,0.007200082289267273,True,1097728
Haidian,calibration,conv3x3_5,worldcover_built,worldcover,f1,0.8834090031112533,Raw180,0.8869121563796103,-0.00350315326835704,True,1097728
Haidian,calibration,conv3x3_5,worldcover_bare,worldcover,f1,0.041713103009074985,Raw180,0.017798863292630505,0.02391423971644448,True,1097728
Haidian,calibration,conv3x3_5,worldcover_water,worldcover,f1,0.7172848664688427,Raw180,0.6544946837074428,0.06279018276139992,True,1097728
Haidian,full_region,conv3x3_5,osm_building,osm,f1,0.603365634586388,AEF,0.371864112315799,0.231501522270589,True,5242880
Haidian,full_region,conv3x3_5,osm_road,osm,f1,0.6609735644117882,AEF,0.47987408359322803,0.1810994808185602,True,5242880
Haidian,full_region,conv3x3_5,osm_water,osm,f1,0.7559834391272849,AEF,0.6933319082870193,0.06265153084026565,True,5242880
Haidian,full_region,conv3x3_5,osm_green,osm,f1,0.8293218265365172,AEF,0.41635752775735463,0.4129642987791626,True,5242880
Haidian,full_region,conv3x3_5,worldcover_tree,worldcover,f1,0.8143884975996666,AEF,0.8516998420869516,-0.037311344487285014,True,5242880
Haidian,full_region,conv3x3_5,worldcover_grass,worldcover,f1,0.10190235019886987,AEF,0.13366984370873647,-0.0317674935098666,True,5242880
Haidian,full_region,conv3x3_5,worldcover_crop,worldcover,f1,0.4540212477783556,AEF,0.5045068721087922,-0.050485624330436574,True,5242880
Haidian,full_region,conv3x3_5,worldcover_built,worldcover,f1,0.8523231384502006,AEF,0.8503827087051359,0.001940429745064698,True,5242880
Haidian,full_region,conv3x3_5,worldcover_bare,worldcover,f1,0.055289582872996,AEF,0.029541219992979234,0.025748362880016765,True,5242880
Haidian,full_region,conv3x3_5,worldcover_water,worldcover,f1,0.7921411066468833,AEF,0.8061359825830184,-0.013994875936135132,True,5242880
Haidian,full_region,conv3x3_5,osm_building,osm,f1,0.603365634586388,Raw180,0.4879080439997911,0.11545759058659694,True,5242880
Haidian,full_region,conv3x3_5,osm_road,osm,f1,0.6609735644117882,Raw180,0.4843728990932993,0.17660066531848895,True,5242880
Haidian,full_region,conv3x3_5,osm_water,osm,f1,0.7559834391272849,Raw180,0.5600929389362146,0.19589050019107035,True,5242880
Haidian,full_region,conv3x3_5,osm_green,osm,f1,0.8293218265365172,Raw180,0.5311375297858248,0.29818429675069236,True,5242880
Haidian,full_region,conv3x3_5,worldcover_tree,worldcover,f1,0.8143884975996666,Raw180,0.8174468457631802,-0.00305834816351358,True,5242880
Haidian,full_region,conv3x3_5,worldcover_grass,worldcover,f1,0.10190235019886987,Raw180,0.09103447542765422,0.010867874771215646,True,5242880
Haidian,full_region,conv3x3_5,worldcover_crop,worldcover,f1,0.4540212477783556,Raw180,0.4116793018871749,0.04234194589118073,True,5242880
Haidian,full_region,conv3x3_5,worldcover_built,worldcover,f1,0.8523231384502006,Raw180,0.8348318143960979,0.017491324054102697,True,5242880
Haidian,full_region,conv3x3_5,worldcover_bare,worldcover,f1,0.055289582872996,Raw180,0.03394838741100928,0.02134119546198672,True,5242880
Haidian,full_region,conv3x3_5,worldcover_water,worldcover,f1,0.7921411066468833,Raw180,0.6694582277774288,0.1226828788694545,True,5242880
Haidian,calibration,conv3x3_20,osm_building,osm,f1,0.6260767390904377,AEF,0.5590871596387855,0.06698957945165218,True,1097728
Haidian,calibration,conv3x3_20,osm_road,osm,f1,0.6494433406796396,AEF,0.5553024960770486,0.09414084460259098,True,1097728
Haidian,calibration,conv3x3_20,osm_water,osm,f1,0.7737155861181884,AEF,0.7594523365687472,0.014263249549441137,True,1097728
Haidian,calibration,conv3x3_20,osm_green,osm,f1,0.6874088088633776,AEF,0.6626808153814742,0.024727993481903465,True,1097728
Haidian,calibration,conv3x3_20,worldcover_tree,worldcover,f1,0.7107993697856241,AEF,0.770462619247196,-0.059663249461571866,True,1097728
Haidian,calibration,conv3x3_20,worldcover_grass,worldcover,f1,0.206511255910235,AEF,0.3728618486327737,-0.16635059272253871,True,1097728
Haidian,calibration,conv3x3_20,worldcover_crop,worldcover,f1,0.4003105698028809,AEF,0.4368390929902976,-0.03652852318741673,True,1097728
Haidian,calibration,conv3x3_20,worldcover_built,worldcover,f1,0.8815731820753733,AEF,0.8992375598347098,-0.01766437775933649,True,1097728
Haidian,calibration,conv3x3_20,worldcover_bare,worldcover,f1,0.009032460620990293,AEF,0.024578668378140673,-0.01554620775715038,True,1097728
Haidian,calibration,conv3x3_20,worldcover_water,worldcover,f1,0.7076957444432034,AEF,0.7916520519116099,-0.08395630746840654,True,1097728
Haidian,calibration,conv3x3_20,osm_building,osm,f1,0.6260767390904377,Raw180,0.5525515313749925,0.07352520771544524,True,1097728
Haidian,calibration,conv3x3_20,osm_road,osm,f1,0.6494433406796396,Raw180,0.5608832443723929,0.0885600963072467,True,1097728
Haidian,calibration,conv3x3_20,osm_water,osm,f1,0.7737155861181884,Raw180,0.6760978003107367,0.09761778580745162,True,1097728
Haidian,calibration,conv3x3_20,osm_green,osm,f1,0.6874088088633776,Raw180,0.6497421561998566,0.03766665266352098,True,1097728
Haidian,calibration,conv3x3_20,worldcover_tree,worldcover,f1,0.7107993697856241,Raw180,0.722304295052946,-0.011504925267321942,True,1097728
Haidian,calibration,conv3x3_20,worldcover_grass,worldcover,f1,0.206511255910235,Raw180,0.2799394856278366,-0.0734282297176016,True,1097728
Haidian,calibration,conv3x3_20,worldcover_crop,worldcover,f1,0.4003105698028809,Raw180,0.3598545454545454,0.04045602434833545,True,1097728
Haidian,calibration,conv3x3_20,worldcover_built,worldcover,f1,0.8815731820753733,Raw180,0.8728973041465995,0.008675877928773779,True,1097728
Haidian,calibration,conv3x3_20,worldcover_bare,worldcover,f1,0.009032460620990293,Raw180,0.014416983523447401,-0.005384522902457108,True,1097728
Haidian,calibration,conv3x3_20,worldcover_water,worldcover,f1,0.7076957444432034,Raw180,0.7254451464675474,-0.017749402024344052,True,1097728
Haidian,full_region,conv3x3_20,osm_building,osm,f1,0.5971623819328169,AEF,0.5008272853758508,0.09633509655696615,True,5242880
Haidian,full_region,conv3x3_20,osm_road,osm,f1,0.6723171841812481,AEF,0.5229386574447388,0.1493785267365093,True,5242880
Haidian,full_region,conv3x3_20,osm_water,osm,f1,0.7586173667008408,AEF,0.6964530613275148,0.062164305373325957,True,5242880
Haidian,full_region,conv3x3_20,osm_green,osm,f1,0.828444454685877,AEF,0.7824236616218492,0.04602079306402784,True,5242880
Haidian,full_region,conv3x3_20,worldcover_tree,worldcover,f1,0.8149053513389011,AEF,0.8509548304068226,-0.03604947906792155,True,5242880
Haidian,full_region,conv3x3_20,worldcover_grass,worldcover,f1,0.17081350824417668,AEF,0.20078386469045872,-0.029970356446282043,True,5242880
Haidian,full_region,conv3x3_20,worldcover_crop,worldcover,f1,0.4792737330081922,AEF,0.5447206281148589,-0.06544689510666668,True,5242880
Haidian,full_region,conv3x3_20,worldcover_built,worldcover,f1,0.8581972200206178,AEF,0.8712290625385936,-0.013031842517975734,True,5242880
Haidian,full_region,conv3x3_20,worldcover_bare,worldcover,f1,0.018072395572268606,AEF,0.05098121566422576,-0.032908820091957156,True,5242880
Haidian,full_region,conv3x3_20,worldcover_water,worldcover,f1,0.7764051364797634,AEF,0.8164662184628609,-0.040061081983097546,True,5242880
Haidian,full_region,conv3x3_20,osm_building,osm,f1,0.5971623819328169,Raw180,0.4913668421768443,0.10579553975597261,True,5242880
Haidian,full_region,conv3x3_20,osm_road,osm,f1,0.6723171841812481,Raw180,0.5146572128092591,0.15765997137198895,True,5242880
Haidian,full_region,conv3x3_20,osm_water,osm,f1,0.7586173667008408,Raw180,0.55317338859158,0.20544397810926074,True,5242880
Haidian,full_region,conv3x3_20,osm_green,osm,f1,0.828444454685877,Raw180,0.7347263110833678,0.09371814360250919,True,5242880
Haidian,full_region,conv3x3_20,worldcover_tree,worldcover,f1,0.8149053513389011,Raw180,0.8026737028023416,0.012231648536559447,True,5242880
Haidian,full_region,conv3x3_20,worldcover_grass,worldcover,f1,0.17081350824417668,Raw180,0.16137685246181335,0.009436655782363329,True,5242880
Haidian,full_region,conv3x3_20,worldcover_crop,worldcover,f1,0.4792737330081922,Raw180,0.4215277881732707,0.057745944834921514,True,5242880
Haidian,full_region,conv3x3_20,worldcover_built,worldcover,f1,0.8581972200206178,Raw180,0.8389608309080715,0.019236389112546326,True,5242880
Haidian,full_region,conv3x3_20,worldcover_bare,worldcover,f1,0.018072395572268606,Raw180,0.01898217080899477,-0.0009097752367261645,True,5242880
Haidian,full_region,conv3x3_20,worldcover_water,worldcover,f1,0.7764051364797634,Raw180,0.7402803168799512,0.036124819599812175,True,5242880
Haidian,calibration,rf_5,osm_building,osm,f1,0.6415828642506272,AEF,0.5458171081018256,0.09576575614880156,True,1097728
Haidian,calibration,rf_5,osm_road,osm,f1,0.6453652139138756,AEF,0.5243124965446605,0.12105271736921508,True,1097728
Haidian,calibration,rf_5,osm_water,osm,f1,0.7747889113053874,AEF,0.7396680083129455,0.03512090299244186,True,1097728
Haidian,calibration,rf_5,osm_green,osm,f1,0.6688941469087151,AEF,0.5883885124335503,0.08050563447516479,True,1097728
Haidian,calibration,rf_5,worldcover_tree,worldcover,f1,0.6984591393912842,AEF,0.75810395928822,-0.05964481989693582,True,1097728
Haidian,calibration,rf_5,worldcover_grass,worldcover,f1,0.1135559425557154,AEF,0.22111074134252098,-0.10755479878680559,True,1097728
Haidian,calibration,rf_5,worldcover_crop,worldcover,f1,0.38069507834864286,AEF,0.46281618947383496,-0.0821211111251921,True,1097728
Haidian,calibration,rf_5,worldcover_built,worldcover,f1,0.8747227962083679,AEF,0.89070994289424,-0.01598714668587209,True,1097728
Haidian,calibration,rf_5,worldcover_bare,worldcover,f1,0.022122762148337596,AEF,0.018755088862060253,0.0033676732862773437,True,1097728
Haidian,calibration,rf_5,worldcover_water,worldcover,f1,0.6146791670317474,AEF,0.7363617130595098,-0.1216825460277624,True,1097728
Haidian,calibration,rf_5,osm_building,osm,f1,0.6415828642506272,Raw180,0.5250986087037991,0.11648425554682806,True,1097728
Haidian,calibration,rf_5,osm_road,osm,f1,0.6453652139138756,Raw180,0.5379839955160639,0.10738121839781167,True,1097728
Haidian,calibration,rf_5,osm_water,osm,f1,0.7747889113053874,Raw180,0.7127987714439471,0.06199013986144031,True,1097728
Haidian,calibration,rf_5,osm_green,osm,f1,0.6688941469087151,Raw180,0.5951062988533714,0.07378784805534366,True,1097728
Haidian,calibration,rf_5,worldcover_tree,worldcover,f1,0.6984591393912842,Raw180,0.7094369034148266,-0.010977764023542336,True,1097728
Haidian,calibration,rf_5,worldcover_grass,worldcover,f1,0.1135559425557154,Raw180,0.1678283002859567,-0.05427235773024129,True,1097728
Haidian,calibration,rf_5,worldcover_crop,worldcover,f1,0.38069507834864286,Raw180,0.37780572991720196,0.002889348431440897,True,1097728
Haidian,calibration,rf_5,worldcover_built,worldcover,f1,0.8747227962083679,Raw180,0.8702193262660934,0.004503469942274463,True,1097728
Haidian,calibration,rf_5,worldcover_bare,worldcover,f1,0.022122762148337596,Raw180,0.02327431499879743,-0.0011515528504598346,True,1097728
Haidian,calibration,rf_5,worldcover_water,worldcover,f1,0.6146791670317474,Raw180,0.5698080279232112,0.04487113910853624,True,1097728
Haidian,full_region,rf_5,osm_building,osm,f1,0.608681965053553,AEF,0.47864496295017883,0.13003700210337416,True,5242880
Haidian,full_region,rf_5,osm_road,osm,f1,0.6643863558852741,AEF,0.4890818563019785,0.17530449958329558,True,5242880
Haidian,full_region,rf_5,osm_water,osm,f1,0.7679199121093483,AEF,0.6911763855393815,0.07674352656996675,True,5242880
Haidian,full_region,rf_5,osm_green,osm,f1,0.820402941082893,AEF,0.442112476164827,0.378290464918066,True,5242880
Haidian,full_region,rf_5,worldcover_tree,worldcover,f1,0.8034680661264022,AEF,0.8391544620797127,-0.03568639595331047,True,5242880
Haidian,full_region,rf_5,worldcover_grass,worldcover,f1,0.1096399583479874,AEF,0.16367677181482998,-0.05403681346684258,True,5242880
Haidian,full_region,rf_5,worldcover_crop,worldcover,f1,0.47792326282673175,AEF,0.5205010780075753,-0.042577815180843526,True,5242880
Haidian,full_region,rf_5,worldcover_built,worldcover,f1,0.8400699403419081,AEF,0.8517499010220142,-0.011679960680106127,True,5242880
Haidian,full_region,rf_5,worldcover_bare,worldcover,f1,0.037085268625833806,AEF,0.02652901429689992,0.010556254328933885,True,5242880
Haidian,full_region,rf_5,worldcover_water,worldcover,f1,0.6033108264445426,AEF,0.7306615894466355,-0.12735076300209291,True,5242880
Haidian,full_region,rf_5,osm_building,osm,f1,0.608681965053553,Raw180,0.46070354483885234,0.14797842021470065,True,5242880
Haidian,full_region,rf_5,osm_road,osm,f1,0.6643863558852741,Raw180,0.49402072345150067,0.1703656324337734,True,5242880
Haidian,full_region,rf_5,osm_water,osm,f1,0.7679199121093483,Raw180,0.6582798459563542,0.10964006615299404,True,5242880
Haidian,full_region,rf_5,osm_green,osm,f1,0.820402941082893,Raw180,0.5302730970020042,0.2901298440808888,True,5242880
Haidian,full_region,rf_5,worldcover_tree,worldcover,f1,0.8034680661264022,Raw180,0.8146762882587296,-0.011208222132327417,True,5242880
Haidian,full_region,rf_5,worldcover_grass,worldcover,f1,0.1096399583479874,Raw180,0.14629278183157884,-0.036652823483591446,True,5242880
Haidian,full_region,rf_5,worldcover_crop,worldcover,f1,0.47792326282673175,Raw180,0.45236272207879386,0.0255605407479379,True,5242880
Haidian,full_region,rf_5,worldcover_built,worldcover,f1,0.8400699403419081,Raw180,0.8255141286636778,0.01455581167823028,True,5242880
Haidian,full_region,rf_5,worldcover_bare,worldcover,f1,0.037085268625833806,Raw180,0.03354650469976059,0.0035387639260732184,True,5242880
Haidian,full_region,rf_5,worldcover_water,worldcover,f1,0.6033108264445426,Raw180,0.609151540923435,-0.00584071447889245,True,5242880
Haidian,calibration,rf_20,osm_building,osm,f1,0.6437876660045463,AEF,0.5488082355487386,0.0949794304558077,True,1097728
Haidian,calibration,rf_20,osm_road,osm,f1,0.6486577065266212,AEF,0.5307340584748459,0.11792364805177535,True,1097728
Haidian,calibration,rf_20,osm_water,osm,f1,0.7712746587641423,AEF,0.7416109543867785,0.029663704377363764,True,1097728
Haidian,calibration,rf_20,osm_green,osm,f1,0.6935807552972452,AEF,0.6802971336851988,0.013283621612046326,True,1097728
Haidian,calibration,rf_20,worldcover_tree,worldcover,f1,0.7000622888545908,AEF,0.7588237478066742,-0.0587614589520834,True,1097728
Haidian,calibration,rf_20,worldcover_grass,worldcover,f1,0.15239243226246005,AEF,0.17972969513911996,-0.027337262876659912,True,1097728
Haidian,calibration,rf_20,worldcover_crop,worldcover,f1,0.3700466132725772,AEF,0.4876696806596587,-0.1176230673870815,True,1097728
Haidian,calibration,rf_20,worldcover_built,worldcover,f1,0.8767532204761583,AEF,0.8943475359569399,-0.017594315480781608,True,1097728
Haidian,calibration,rf_20,worldcover_bare,worldcover,f1,0.02806860105693489,AEF,0.04279996732826921,-0.014731366271334322,True,1097728
Haidian,calibration,rf_20,worldcover_water,worldcover,f1,0.6818924462057219,AEF,0.7904297740363314,-0.10853732783060954,True,1097728
Haidian,calibration,rf_20,osm_building,osm,f1,0.6437876660045463,Raw180,0.5412992070153653,0.10248845898918102,True,1097728
Haidian,calibration,rf_20,osm_road,osm,f1,0.6486577065266212,Raw180,0.5535394682803447,0.09511823824627652,True,1097728
Haidian,calibration,rf_20,osm_water,osm,f1,0.7712746587641423,Raw180,0.6951801591015442,0.07609449966259807,True,1097728
Haidian,calibration,rf_20,osm_green,osm,f1,0.6935807552972452,Raw180,0.6480722613413367,0.0455084939559085,True,1097728
Haidian,calibration,rf_20,worldcover_tree,worldcover,f1,0.7000622888545908,Raw180,0.7138163116289405,-0.013754022774349783,True,1097728
Haidian,calibration,rf_20,worldcover_grass,worldcover,f1,0.15239243226246005,Raw180,0.15174455772013054,0.0006478745423295074,True,1097728
Haidian,calibration,rf_20,worldcover_crop,worldcover,f1,0.3700466132725772,Raw180,0.40170418193450824,-0.031657568661931035,True,1097728
Haidian,calibration,rf_20,worldcover_built,worldcover,f1,0.8767532204761583,Raw180,0.8747547436641688,0.0019984768119895024,True,1097728
Haidian,calibration,rf_20,worldcover_bare,worldcover,f1,0.02806860105693489,Raw180,0.03978469459396209,-0.0117160935370272,True,1097728
Haidian,calibration,rf_20,worldcover_water,worldcover,f1,0.6818924462057219,Raw180,0.6375459264011197,0.044346519804602136,True,1097728
Haidian,full_region,rf_20,osm_building,osm,f1,0.6089565083256883,AEF,0.4906223188240005,0.11833418950168778,True,5242880
Haidian,full_region,rf_20,osm_road,osm,f1,0.6690351049554536,AEF,0.5048550225554919,0.16418008239996174,True,5242880
Haidian,full_region,rf_20,osm_water,osm,f1,0.7665881570561667,AEF,0.6922017810269959,0.07438637602917075,True,5242880
Haidian,full_region,rf_20,osm_green,osm,f1,0.823258854754998,AEF,0.7740651017157959,0.04919375303920215,True,5242880
Haidian,full_region,rf_20,worldcover_tree,worldcover,f1,0.8108670343195739,AEF,0.8479239390443386,-0.03705690472476475,True,5242880
Haidian,full_region,rf_20,worldcover_grass,worldcover,f1,0.14871024030111185,AEF,0.15552849614337164,-0.006818255842259785,True,5242880
Haidian,full_region,rf_20,worldcover_crop,worldcover,f1,0.485257073876985,AEF,0.5675071798606626,-0.08225010598367755,True,5242880
Haidian,full_region,rf_20,worldcover_built,worldcover,f1,0.8511952694061515,AEF,0.8659503417408613,-0.01475507233470974,True,5242880
Haidian,full_region,rf_20,worldcover_bare,worldcover,f1,0.06748406194389574,AEF,0.10301083464909892,-0.035526772705203186,True,5242880
Haidian,full_region,rf_20,worldcover_water,worldcover,f1,0.7340960119747675,AEF,0.8045766378958553,-0.07048062592108784,True,5242880
Haidian,full_region,rf_20,osm_building,osm,f1,0.6089565083256883,Raw180,0.4792727672536646,0.12968374107202368,True,5242880
Haidian,full_region,rf_20,osm_road,osm,f1,0.6690351049554536,Raw180,0.5245322422346609,0.1445028627207927,True,5242880
Haidian,full_region,rf_20,osm_water,osm,f1,0.7665881570561667,Raw180,0.676379382280308,0.09020877477585865,True,5242880
Haidian,full_region,rf_20,osm_green,osm,f1,0.823258854754998,Raw180,0.7649571434093179,0.058301711345680185,True,5242880
Haidian,full_region,rf_20,worldcover_tree,worldcover,f1,0.8108670343195739,Raw180,0.8203969564422688,-0.00952992212269499,True,5242880
Haidian,full_region,rf_20,worldcover_grass,worldcover,f1,0.14871024030111185,Raw180,0.1450965672026069,0.003613673098504938,True,5242880
Haidian,full_region,rf_20,worldcover_crop,worldcover,f1,0.485257073876985,Raw180,0.49393180635927963,-0.008674732482294611,True,5242880
Haidian,full_region,rf_20,worldcover_built,worldcover,f1,0.8511952694061515,Raw180,0.8408751442388778,0.010320125167273764,True,5242880
Haidian,full_region,rf_20,worldcover_bare,worldcover,f1,0.06748406194389574,Raw180,0.08479421670911033,-0.017310154765214594,True,5242880
Haidian,full_region,rf_20,worldcover_water,worldcover,f1,0.7340960119747675,Raw180,0.6729609001547454,0.06113511182002207,True,5242880
Haidian,calibration,retrieval_3,osm_building,osm,ap,0.4079374002592603,AEF,0.31337895231007,0.09455844794919027,True,1097728
Haidian,calibration,retrieval_3,osm_road,osm,ap,0.3012867663143571,AEF,0.32300373344873695,-0.021716967134379872,True,1097728
Haidian,calibration,retrieval_3,osm_water,osm,ap,0.6912742637217464,AEF,0.10332079348755116,0.5879534702341952,True,1097728
Haidian,calibration,retrieval_3,osm_green,osm,ap,0.22812970123898427,AEF,0.3021946499007934,-0.07406494866180915,True,1097728
Haidian,calibration,retrieval_3,osm_building,osm,ap,0.4079374002592603,Raw180,0.265209627612833,0.14272777264642728,True,1097728
Haidian,calibration,retrieval_3,osm_road,osm,ap,0.3012867663143571,Raw180,0.2633661873667503,0.03792057894760675,True,1097728
Haidian,calibration,retrieval_3,osm_water,osm,ap,0.6912742637217464,Raw180,0.05131259973215703,0.6399616639895893,True,1097728
Haidian,calibration,retrieval_3,osm_green,osm,ap,0.22812970123898427,Raw180,0.264895487904377,-0.036765786665392736,True,1097728
Haidian,full_region,retrieval_3,osm_building,osm,ap,0.34059860146552984,AEF,0.2606619755080524,0.07993662595747741,True,5242880
Haidian,full_region,retrieval_3,osm_road,osm,ap,0.17874619808233416,AEF,0.26357381515611517,-0.084827617073781,True,5242880
Haidian,full_region,retrieval_3,osm_water,osm,ap,0.6584883621251223,AEF,0.08720821544496205,0.5712801466801603,True,5242880
Haidian,full_region,retrieval_3,osm_green,osm,ap,0.46627104940232844,AEF,0.27564572582600183,0.1906253235763266,True,5242880
Haidian,full_region,retrieval_3,osm_building,osm,ap,0.34059860146552984,Raw180,0.18654450033724435,0.1540541011282855,True,5242880
Haidian,full_region,retrieval_3,osm_road,osm,ap,0.17874619808233416,Raw180,0.1841533964623024,-0.0054071983799682255,True,5242880
Haidian,full_region,retrieval_3,osm_water,osm,ap,0.6584883621251223,Raw180,0.05709414224091175,0.6013942198842106,True,5242880
Haidian,full_region,retrieval_3,osm_green,osm,ap,0.46627104940232844,Raw180,0.3639042632415159,0.10236678616081252,True,5242880
Haidian,calibration,regression_5,worldcover_tree,worldcover,rmse,0.14832053311139617,AEF,0.1306255648204848,0.017694968290911384,True,4288
Haidian,calibration,regression_5,worldcover_grass,worldcover,rmse,0.07191256814289726,AEF,0.08205899971244214,-0.010146431569544881,True,4288
Haidian,calibration,regression_5,worldcover_crop,worldcover,rmse,0.15636984342515278,AEF,0.1338710749618408,0.022498768463311974,True,4288
Haidian,calibration,regression_5,worldcover_built,worldcover,rmse,0.16673747816936396,AEF,0.1494737544595729,0.017263723709791068,True,4288
Haidian,calibration,regression_5,worldcover_bare,worldcover,rmse,0.02882844724979873,AEF,0.0316186535700511,-0.0027902063202523697,True,4288
Haidian,calibration,regression_5,worldcover_water,worldcover,rmse,0.06407238904493719,AEF,0.05103254998870401,0.013039839056233175,True,4288
Haidian,calibration,regression_5,worldcover_tree,worldcover,rmse,0.14832053311139617,Raw180,0.20234377199450587,-0.0540232388831097,True,4288
Haidian,calibration,regression_5,worldcover_grass,worldcover,rmse,0.07191256814289726,Raw180,0.07472754620034255,-0.0028149780574452943,True,4288
Haidian,calibration,regression_5,worldcover_crop,worldcover,rmse,0.15636984342515278,Raw180,0.1419499677906264,0.014419875634526375,True,4288
Haidian,calibration,regression_5,worldcover_built,worldcover,rmse,0.16673747816936396,Raw180,0.20292455416890304,-0.036187075999539076,True,4288
Haidian,calibration,regression_5,worldcover_bare,worldcover,rmse,0.02882844724979873,Raw180,0.03224886653791737,-0.003420419288118641,True,4288
Haidian,calibration,regression_5,worldcover_water,worldcover,rmse,0.06407238904493719,Raw180,0.0732621100260402,-0.009189720981103017,True,4288
Haidian,full_region,regression_5,worldcover_tree,worldcover,rmse,0.19827213095159263,AEF,0.1569246215228692,0.04134750942872342,True,20480
Haidian,full_region,regression_5,worldcover_grass,worldcover,rmse,0.092865309298917,AEF,0.10350531058671741,-0.010640001287800419,True,20480
Haidian,full_region,regression_5,worldcover_crop,worldcover,rmse,0.2134823306693158,AEF,0.23209507899980375,-0.018612748330487955,True,20480
Haidian,full_region,regression_5,worldcover_built,worldcover,rmse,0.19991578296836615,AEF,0.17220940196513274,0.027706381003233416,True,20480
Haidian,full_region,regression_5,worldcover_bare,worldcover,rmse,0.03261181726650938,AEF,0.03558164345840343,-0.002969826191894051,True,20480
Haidian,full_region,regression_5,worldcover_water,worldcover,rmse,0.06324154724781593,AEF,0.05050099118344959,0.012740556064366339,True,20480
Haidian,full_region,regression_5,worldcover_tree,worldcover,rmse,0.19827213095159263,Raw180,0.2054938221361478,-0.007221691184555179,True,20480
Haidian,full_region,regression_5,worldcover_grass,worldcover,rmse,0.092865309298917,Raw180,0.13724672920972728,-0.04438141991081028,True,20480
Haidian,full_region,regression_5,worldcover_crop,worldcover,rmse,0.2134823306693158,Raw180,0.19962640925082561,0.01385592141849018,True,20480
Haidian,full_region,regression_5,worldcover_built,worldcover,rmse,0.19991578296836615,Raw180,0.25650209473520025,-0.056586311766834096,True,20480
Haidian,full_region,regression_5,worldcover_bare,worldcover,rmse,0.03261181726650938,Raw180,0.13713209819795172,-0.10452028093144233,True,20480
Haidian,full_region,regression_5,worldcover_water,worldcover,rmse,0.06324154724781593,Raw180,0.07430574787350001,-0.011064200625684084,True,20480
Haidian,calibration,linear_20,osm_building,osm,f1,0.6464358995534154,AEF,0.5586262666523586,0.08780963290105681,True,1097728
Haidian,calibration,linear_20,osm_road,osm,f1,0.6460411606711629,AEF,0.5429342651395398,0.10310689553162311,True,1097728
Haidian,calibration,linear_20,osm_water,osm,f1,0.7645511262559194,AEF,0.6799461192766633,0.0846050069792561,True,1097728
Haidian,calibration,linear_20,osm_green,osm,f1,0.6940913892723733,AEF,0.6742125058768218,0.01987888339555155,True,1097728
Haidian,calibration,linear_20,worldcover_tree,worldcover,f1,0.7044026110658012,AEF,0.7498868643563177,-0.04548425329051653,True,1097728
Haidian,calibration,linear_20,worldcover_grass,worldcover,f1,0.16338728372131994,AEF,0.27425940550804023,-0.11087212178672029,True,1097728
Haidian,calibration,linear_20,worldcover_crop,worldcover,f1,0.36248092162794865,AEF,0.41628007896779556,-0.053799157339846915,True,1097728
Haidian,calibration,linear_20,worldcover_built,worldcover,f1,0.8760086770244248,AEF,0.8910265424684297,-0.015017865444004963,True,1097728
Haidian,calibration,linear_20,worldcover_bare,worldcover,f1,0.04095600217273221,AEF,0.037919439078486085,0.003036563094246124,True,1097728
Haidian,calibration,linear_20,worldcover_water,worldcover,f1,0.6999313012980439,AEF,0.777220377305165,-0.0772890760071211,True,1097728
Haidian,calibration,linear_20,osm_building,osm,f1,0.6464358995534154,Raw180,0.4899021921416057,0.15653370741180972,True,1097728
Haidian,calibration,linear_20,osm_road,osm,f1,0.6460411606711629,Raw180,0.5053781340265358,0.14066302664462715,True,1097728
Haidian,calibration,linear_20,osm_water,osm,f1,0.7645511262559194,Raw180,0.5877803557617943,0.17677077049412504,True,1097728
Haidian,calibration,linear_20,osm_green,osm,f1,0.6940913892723733,Raw180,0.6166550965534099,0.07743629271896346,True,1097728
Haidian,calibration,linear_20,worldcover_tree,worldcover,f1,0.7044026110658012,Raw180,0.6764975570829538,0.027905053982847372,True,1097728
Haidian,calibration,linear_20,worldcover_grass,worldcover,f1,0.16338728372131994,Raw180,0.16065042467590523,0.002736859045414708,True,1097728
Haidian,calibration,linear_20,worldcover_crop,worldcover,f1,0.36248092162794865,Raw180,0.3407870760695151,0.021693845558433567,True,1097728
Haidian,calibration,linear_20,worldcover_built,worldcover,f1,0.8760086770244248,Raw180,0.848247924162379,0.027760752862045712,True,1097728
Haidian,calibration,linear_20,worldcover_bare,worldcover,f1,0.04095600217273221,Raw180,0.029716428404030937,0.011239573768701272,True,1097728
Haidian,calibration,linear_20,worldcover_water,worldcover,f1,0.6999313012980439,Raw180,0.711873118437477,-0.011941817139433097,True,1097728
Haidian,full_region,linear_20,osm_building,osm,f1,0.611763409478173,AEF,0.4824464492017096,0.1293169602764634,True,5242880
Haidian,full_region,linear_20,osm_road,osm,f1,0.6686881632581944,AEF,0.5060683413461016,0.1626198219120928,True,5242880
Haidian,full_region,linear_20,osm_water,osm,f1,0.7623597347461106,AEF,0.6256175678205451,0.1367421669255655,True,5242880
Haidian,full_region,linear_20,osm_green,osm,f1,0.832484880913553,AEF,0.771416382905726,0.06106849800782699,True,5242880
Haidian,full_region,linear_20,worldcover_tree,worldcover,f1,0.8120001405462565,AEF,0.839326592390915,-0.02732645184465854,True,5242880
Haidian,full_region,linear_20,worldcover_grass,worldcover,f1,0.1292199703590555,AEF,0.18627208155895206,-0.05705211119989656,True,5242880
Haidian,full_region,linear_20,worldcover_crop,worldcover,f1,0.4565647268428528,AEF,0.5147794643560518,-0.058214737513199,True,5242880
Haidian,full_region,linear_20,worldcover_built,worldcover,f1,0.8496201969199697,AEF,0.8514010874865687,-0.001780890566599025,True,5242880
Haidian,full_region,linear_20,worldcover_bare,worldcover,f1,0.05504594720503296,AEF,0.054687520422861055,0.0003584267821719056,True,5242880
Haidian,full_region,linear_20,worldcover_water,worldcover,f1,0.738053873256588,AEF,0.7960832557520947,-0.05802938249550671,True,5242880
Haidian,full_region,linear_20,osm_building,osm,f1,0.611763409478173,Raw180,0.4350306198501808,0.17673278962799216,True,5242880
Haidian,full_region,linear_20,osm_road,osm,f1,0.6686881632581944,Raw180,0.42840880708189355,0.2402793561763008,True,5242880
Haidian,full_region,linear_20,osm_water,osm,f1,0.7623597347461106,Raw180,0.48275157437164457,0.27960816037446606,True,5242880
Haidian,full_region,linear_20,osm_green,osm,f1,0.832484880913553,Raw180,0.7371639566619497,0.09532092425160332,True,5242880
Haidian,full_region,linear_20,worldcover_tree,worldcover,f1,0.8120001405462565,Raw180,0.7833518575226832,0.02864828302357325,True,5242880
Haidian,full_region,linear_20,worldcover_grass,worldcover,f1,0.1292199703590555,Raw180,0.14605540808532025,-0.01683543772626475,True,5242880
Haidian,full_region,linear_20,worldcover_crop,worldcover,f1,0.4565647268428528,Raw180,0.39440771488115206,0.06215701196170076,True,5242880
Haidian,full_region,linear_20,worldcover_built,worldcover,f1,0.8496201969199697,Raw180,0.8107955276789568,0.03882466924101291,True,5242880
Haidian,full_region,linear_20,worldcover_bare,worldcover,f1,0.05504594720503296,Raw180,0.03357191299361685,0.02147403421141611,True,5242880
Haidian,full_region,linear_20,worldcover_water,worldcover,f1,0.738053873256588,Raw180,0.6814535930594205,0.05660028019716745,True,5242880
Harbin,calibration,linear_5,osm_building,osm,f1,0.4836385048930264,AEF,0.3952180028129395,0.0884205020800869,True,826089
Harbin,calibration,linear_5,osm_road,osm,f1,0.59000717968801,AEF,0.5500477823373995,0.03995939735061049,True,826089
Harbin,calibration,linear_5,osm_water,osm,f1,0.9094641900561847,AEF,0.8500959961084057,0.059368193947779035,True,826089
Harbin,calibration,linear_5,osm_green,osm,f1,0.37621260622999303,AEF,0.3427784112974841,0.03343419493250893,True,826089
Harbin,calibration,linear_5,worldcover_trees,worldcover,f1,0.6818539310606677,AEF,0.6973644779356076,-0.015510546874939912,True,826089
Harbin,calibration,linear_5,worldcover_grass,worldcover,f1,0.3272804371764094,AEF,0.30516057699724874,0.022119860179160677,True,826089
Harbin,calibration,linear_5,worldcover_crops,worldcover,f1,0.6982247937953958,AEF,0.6699098897304159,0.02831490406497994,True,826089
Harbin,calibration,linear_5,worldcover_built,worldcover,f1,0.8297613928365409,AEF,0.8164085485708562,0.013352844265684727,True,826089
Harbin,calibration,linear_5,worldcover_bare,worldcover,f1,0.15094860508274413,AEF,0.16543528573971872,-0.014486680656974588,True,826089
Harbin,calibration,linear_5,worldcover_water,worldcover,f1,0.890646716777762,AEF,0.874850173229108,0.015796543548654007,True,826089
Harbin,calibration,linear_5,dw_trees,dw,f1,0.7251434496339652,AEF,0.7605172467696126,-0.03537379713564748,True,688882
Harbin,calibration,linear_5,dw_grass,dw,f1,0.1911487332699591,AEF,0.20397573631513558,-0.012827003045176477,True,688882
Harbin,calibration,linear_5,dw_crops,dw,f1,0.6855397644489855,AEF,0.7668423203492999,-0.08130255590031443,True,688882
Harbin,calibration,linear_5,dw_built,dw,f1,0.9168388470393106,AEF,0.9116197637693618,0.005219083269948799,True,688882
Harbin,calibration,linear_5,dw_bare,dw,f1,0.21897810218978103,AEF,0.0936374549819928,0.12534064720778823,True,688882
Harbin,calibration,linear_5,osm_building,osm,f1,0.4836385048930264,Raw180,0.3963432330463384,0.087295271846688,True,826089
Harbin,calibration,linear_5,osm_road,osm,f1,0.59000717968801,Raw180,0.4129006068724756,0.17710657281553438,True,826089
Harbin,calibration,linear_5,osm_water,osm,f1,0.9094641900561847,Raw180,0.8004349799822007,0.10902921007398403,True,826089
Harbin,calibration,linear_5,osm_green,osm,f1,0.37621260622999303,Raw180,0.2818017297405389,0.09441087648945412,True,826089
Harbin,calibration,linear_5,worldcover_trees,worldcover,f1,0.6818539310606677,Raw180,0.5795410709327725,0.1023128601278952,True,826089
Harbin,calibration,linear_5,worldcover_grass,worldcover,f1,0.3272804371764094,Raw180,0.220303002993982,0.10697743418242742,True,826089
Harbin,calibration,linear_5,worldcover_crops,worldcover,f1,0.6982247937953958,Raw180,0.649535105409639,0.048689688385756824,True,826089
Harbin,calibration,linear_5,worldcover_built,worldcover,f1,0.8297613928365409,Raw180,0.7502100526731068,0.07955134016343413,True,826089
Harbin,calibration,linear_5,worldcover_bare,worldcover,f1,0.15094860508274413,Raw180,0.1209322574125037,0.03001634767024043,True,826089
Harbin,calibration,linear_5,worldcover_water,worldcover,f1,0.890646716777762,Raw180,0.880578145793287,0.010068570984475,True,826089
Harbin,calibration,linear_5,dw_trees,dw,f1,0.7251434496339652,Raw180,0.667454753722795,0.05768869591117021,True,688882
Harbin,calibration,linear_5,dw_grass,dw,f1,0.1911487332699591,Raw180,0.1903806518686049,0.0007680814013542037,True,688882
Harbin,calibration,linear_5,dw_crops,dw,f1,0.6855397644489855,Raw180,0.7032371883435713,-0.01769742389458584,True,688882
Harbin,calibration,linear_5,dw_built,dw,f1,0.9168388470393106,Raw180,0.8507641575636384,0.06607468947567219,True,688882
Harbin,calibration,linear_5,dw_bare,dw,f1,0.21897810218978103,Raw180,0.03669724770642202,0.182280854483359,True,688882
Harbin,calibration,linear_20,osm_building,osm,f1,0.5111632526738545,AEF,0.43037076892975934,0.0807924837440952,True,826089
Harbin,calibration,linear_20,osm_road,osm,f1,0.622143584794381,AEF,0.5491206030150754,0.07302298177930566,True,826089
Harbin,calibration,linear_20,osm_water,osm,f1,0.9171957825327489,AEF,0.8594700880419613,0.05772569449078757,True,826089
Harbin,calibration,linear_20,osm_green,osm,f1,0.5322328263731587,AEF,0.41521083134534115,0.11702199502781757,True,826089
Harbin,calibration,linear_20,worldcover_trees,worldcover,f1,0.6988359473090592,AEF,0.7140708542563772,-0.015234906947317994,True,826089
Harbin,calibration,linear_20,worldcover_grass,worldcover,f1,0.3267086056312221,AEF,0.3257437601189294,0.0009648455122927002,True,826089
Harbin,calibration,linear_20,worldcover_crops,worldcover,f1,0.7262455495036665,AEF,0.7237599992408643,0.002485550262802172,True,826089
Harbin,calibration,linear_20,worldcover_built,worldcover,f1,0.8349673893734192,AEF,0.8225153706824457,0.012452018690973454,True,826089
Harbin,calibration,linear_20,worldcover_bare,worldcover,f1,0.19381694502258998,AEF,0.16945062096642985,0.024366324056160127,True,826089
Harbin,calibration,linear_20,worldcover_water,worldcover,f1,0.8955938555976921,AEF,0.896783929561485,-0.0011900739637928925,True,826089
Harbin,calibration,linear_20,dw_trees,dw,f1,0.7943692992746164,AEF,0.7959053471292818,-0.0015360478546654344,True,688882
Harbin,calibration,linear_20,dw_grass,dw,f1,0.20857280462353509,AEF,0.240482978366594,-0.031910173743058906,True,688882
Harbin,calibration,linear_20,dw_crops,dw,f1,0.7630303030303031,AEF,0.7927410731502095,-0.029710770119906416,True,688882
Harbin,calibration,linear_20,dw_built,dw,f1,0.9238027515453093,AEF,0.9202914564614811,0.003511295083828192,True,688882
Harbin,calibration,linear_20,dw_bare,dw,f1,0.1120527306967985,AEF,0.25625,-0.14419726930320148,True,688882
Harbin,calibration,linear_20,osm_building,osm,f1,0.5111632526738545,Raw180,0.4141372544269761,0.09702599824687846,True,826089
Harbin,calibration,linear_20,osm_road,osm,f1,0.622143584794381,Raw180,0.4324757099370335,0.18966787485734754,True,826089
Harbin,calibration,linear_20,osm_water,osm,f1,0.9171957825327489,Raw180,0.7753138233992795,0.14188195913346946,True,826089
Harbin,calibration,linear_20,osm_green,osm,f1,0.5322328263731587,Raw180,0.3725278008298755,0.1597050255432832,True,826089
Harbin,calibration,linear_20,worldcover_trees,worldcover,f1,0.6988359473090592,Raw180,0.6229697784842372,0.075866168824822,True,826089
Harbin,calibration,linear_20,worldcover_grass,worldcover,f1,0.3267086056312221,Raw180,0.2415660098573067,0.08514259577391542,True,826089
Harbin,calibration,linear_20,worldcover_crops,worldcover,f1,0.7262455495036665,Raw180,0.6833977019445084,0.04284784755915805,True,826089
Harbin,calibration,linear_20,worldcover_built,worldcover,f1,0.8349673893734192,Raw180,0.7518009731272458,0.08316641624617338,True,826089
Harbin,calibration,linear_20,worldcover_bare,worldcover,f1,0.19381694502258998,Raw180,0.11611258503905497,0.077704359983535,True,826089
Harbin,calibration,linear_20,worldcover_water,worldcover,f1,0.8955938555976921,Raw180,0.8680332604450816,0.027560595152610556,True,826089
Harbin,calibration,linear_20,dw_trees,dw,f1,0.7943692992746164,Raw180,0.7387922024172787,0.05557709685733769,True,688882
Harbin,calibration,linear_20,dw_grass,dw,f1,0.20857280462353509,Raw180,0.216590084643289,-0.008017280019753908,True,688882
Harbin,calibration,linear_20,dw_crops,dw,f1,0.7630303030303031,Raw180,0.7491877755159816,0.013842527514321468,True,688882
Harbin,calibration,linear_20,dw_built,dw,f1,0.9238027515453093,Raw180,0.8534303309906281,0.07037242055468118,True,688882
Harbin,calibration,linear_20,dw_bare,dw,f1,0.1120527306967985,Raw180,0.03053283438752194,0.08151989630927656,True,688882
Harbin,calibration,mlp_5,osm_building,osm,f1,0.4975655205578264,AEF,0.43007169153264874,0.06749382902517764,True,826089
Harbin,calibration,mlp_5,osm_road,osm,f1,0.6167031792679669,AEF,0.5427161837606332,0.07398699550733367,True,826089
Harbin,calibration,mlp_5,osm_water,osm,f1,0.9108870127555311,AEF,0.8446037460717869,0.06628326668374418,True,826089
Harbin,calibration,mlp_5,osm_green,osm,f1,0.4033124882241582,AEF,0.337004609871872,0.06630787835228624,True,826089
Harbin,calibration,mlp_5,worldcover_trees,worldcover,f1,0.6897295384292105,AEF,0.7186709765375904,-0.028941438108379902,True,826089
Harbin,calibration,mlp_5,worldcover_grass,worldcover,f1,0.3165356634614106,AEF,0.3437400091741844,-0.027204345712773803,True,826089
Harbin,calibration,mlp_5,worldcover_crops,worldcover,f1,0.7134906945940023,AEF,0.7277633048008932,-0.014272610206890968,True,826089
Harbin,calibration,mlp_5,worldcover_built,worldcover,f1,0.8339507545404582,AEF,0.8192266937023397,0.014724060838118502,True,826089
Harbin,calibration,mlp_5,worldcover_bare,worldcover,f1,0.11936041382144282,AEF,0.13995886638547078,-0.020598452564027966,True,826089
Harbin,calibration,mlp_5,worldcover_water,worldcover,f1,0.888135593220339,AEF,0.8951113371139681,-0.006975743893629094,True,826089
Harbin,calibration,mlp_5,dw_trees,dw,f1,0.7518559671943524,AEF,0.7606444103040125,-0.008788443109660093,True,688882
Harbin,calibration,mlp_5,dw_grass,dw,f1,0.19851169383416017,AEF,0.272631125386815,-0.07411943155265482,True,688882
Harbin,calibration,mlp_5,dw_crops,dw,f1,0.7574413151293804,AEF,0.7684525880725458,-0.011011272943165396,True,688882
Harbin,calibration,mlp_5,dw_built,dw,f1,0.9185367284600129,AEF,0.9126141304004897,0.005922598059523221,True,688882
Harbin,calibration,mlp_5,dw_bare,dw,f1,0.14843414843414843,AEF,0.09165808444902163,0.0567760639851268,True,688882
Harbin,calibration,mlp_5,osm_building,osm,f1,0.4975655205578264,Raw180,0.3750462882958501,0.12251923226197625,True,826089
Harbin,calibration,mlp_5,osm_road,osm,f1,0.6167031792679669,Raw180,0.4772302816502858,0.1394728976176811,True,826089
Harbin,calibration,mlp_5,osm_water,osm,f1,0.9108870127555311,Raw180,0.8317772608817385,0.07910975187379254,True,826089
Harbin,calibration,mlp_5,osm_green,osm,f1,0.4033124882241582,Raw180,0.3039950554396386,0.0993174327845196,True,826089
Harbin,calibration,mlp_5,worldcover_trees,worldcover,f1,0.6897295384292105,Raw180,0.6047219762772487,0.08500756215196181,True,826089
Harbin,calibration,mlp_5,worldcover_grass,worldcover,f1,0.3165356634614106,Raw180,0.23838400297965454,0.07815166048175606,True,826089
Harbin,calibration,mlp_5,worldcover_crops,worldcover,f1,0.7134906945940023,Raw180,0.6671474435765968,0.04634325101740544,True,826089
Harbin,calibration,mlp_5,worldcover_built,worldcover,f1,0.8339507545404582,Raw180,0.7741707111463951,0.059780043394063065,True,826089
Harbin,calibration,mlp_5,worldcover_bare,worldcover,f1,0.11936041382144282,Raw180,0.12869516098663153,-0.009334747165188714,True,826089
Harbin,calibration,mlp_5,worldcover_water,worldcover,f1,0.888135593220339,Raw180,0.8800257032383865,0.0081098899819525,True,826089
Harbin,calibration,mlp_5,dw_trees,dw,f1,0.7518559671943524,Raw180,0.6980470524116632,0.05380891478268923,True,688882
Harbin,calibration,mlp_5,dw_grass,dw,f1,0.19851169383416017,Raw180,0.20480544670070855,-0.006293752866548374,True,688882
Harbin,calibration,mlp_5,dw_crops,dw,f1,0.7574413151293804,Raw180,0.7115624880885324,0.045878827040848,True,688882
Harbin,calibration,mlp_5,dw_built,dw,f1,0.9185367284600129,Raw180,0.8731887486358446,0.04534797982416827,True,688882
Harbin,calibration,mlp_5,dw_bare,dw,f1,0.14843414843414843,Raw180,0.01045855204516193,0.1379755963889865,True,688882
Harbin,calibration,mlp_20,osm_building,osm,f1,0.4571193682191303,AEF,0.40661644603720226,0.050502922181928034,True,826089
Harbin,calibration,mlp_20,osm_road,osm,f1,0.6123543123543124,AEF,0.5432218084652776,0.0691325038890348,True,826089
Harbin,calibration,mlp_20,osm_water,osm,f1,0.9102690363277324,AEF,0.8366949071575571,0.07357412917017525,True,826089
Harbin,calibration,mlp_20,osm_green,osm,f1,0.5544524656138344,AEF,0.4147045951859956,0.13974787042783882,True,826089
Harbin,calibration,mlp_20,worldcover_trees,worldcover,f1,0.6997859552019372,AEF,0.7175548158133649,-0.017768860611427684,True,826089
Harbin,calibration,mlp_20,worldcover_grass,worldcover,f1,0.3098022214931809,AEF,0.33329560058330393,-0.023493379090123057,True,826089
Harbin,calibration,mlp_20,worldcover_crops,worldcover,f1,0.7232081713751097,AEF,0.7378708951641217,-0.014662723789012011,True,826089
Harbin,calibration,mlp_20,worldcover_built,worldcover,f1,0.8354309675084873,AEF,0.8206598456620872,0.01477112184640017,True,826089
Harbin,calibration,mlp_20,worldcover_bare,worldcover,f1,0.1652132924817346,AEF,0.14737452857557296,0.017838763906161653,True,826089
Harbin,calibration,mlp_20,worldcover_water,worldcover,f1,0.8879669889211923,AEF,0.8935579401360343,-0.005590951214841988,True,826089
Harbin,calibration,mlp_20,dw_trees,dw,f1,0.774601040049785,AEF,0.7863222559396048,-0.01172121588981978,True,688882
Harbin,calibration,mlp_20,dw_grass,dw,f1,0.1585244267198405,AEF,0.23720244364862017,-0.07867801692877968,True,688882
Harbin,calibration,mlp_20,dw_crops,dw,f1,0.7596012632728123,AEF,0.7816521627298838,-0.022050899457071504,True,688882
Harbin,calibration,mlp_20,dw_built,dw,f1,0.9205602663467801,AEF,0.9155314903629347,0.005028775983845435,True,688882
Harbin,calibration,mlp_20,dw_bare,dw,f1,0.11773858921161826,AEF,0.0852963818321786,0.03244220737943966,True,688882
Harbin,calibration,mlp_20,osm_building,osm,f1,0.4571193682191303,Raw180,0.4273590678123919,0.029760300406738383,True,826089
Harbin,calibration,mlp_20,osm_road,osm,f1,0.6123543123543124,Raw180,0.4753850683734693,0.1369692439808431,True,826089
Harbin,calibration,mlp_20,osm_water,osm,f1,0.9102690363277324,Raw180,0.8180578716085118,0.09221116471922053,True,826089
Harbin,calibration,mlp_20,osm_green,osm,f1,0.5544524656138344,Raw180,0.37145279159983235,0.18299967401400208,True,826089
Harbin,calibration,mlp_20,worldcover_trees,worldcover,f1,0.6997859552019372,Raw180,0.6284231949468001,0.0713627602551371,True,826089
Harbin,calibration,mlp_20,worldcover_grass,worldcover,f1,0.3098022214931809,Raw180,0.25293781506899693,0.056864406424183944,True,826089
Harbin,calibration,mlp_20,worldcover_crops,worldcover,f1,0.7232081713751097,Raw180,0.6976144236064813,0.02559374776862844,True,826089
Harbin,calibration,mlp_20,worldcover_built,worldcover,f1,0.8354309675084873,Raw180,0.7815810480451015,0.0538499194633858,True,826089
Harbin,calibration,mlp_20,worldcover_bare,worldcover,f1,0.1652132924817346,Raw180,0.12289535798583792,0.042317934495896686,True,826089
Harbin,calibration,mlp_20,worldcover_water,worldcover,f1,0.8879669889211923,Raw180,0.8773965187897419,0.010570470131450405,True,826089
Harbin,calibration,mlp_20,dw_trees,dw,f1,0.774601040049785,Raw180,0.7527305101235384,0.021870529926246607,True,688882
Harbin,calibration,mlp_20,dw_grass,dw,f1,0.1585244267198405,Raw180,0.2171486953788117,-0.05862426865897122,True,688882
Harbin,calibration,mlp_20,dw_crops,dw,f1,0.7596012632728123,Raw180,0.7532488941396269,0.006352369133185376,True,688882
Harbin,calibration,mlp_20,dw_built,dw,f1,0.9205602663467801,Raw180,0.8724055140075602,0.04815475233921995,True,688882
Harbin,calibration,mlp_20,dw_bare,dw,f1,0.11773858921161826,Raw180,0.021450510254631922,0.09628807895698634,True,688882
Harbin,calibration,conv3x3_5,osm_building,osm,f1,0.441587984932244,AEF,0.3909767041612883,0.05061128077095567,True,826089
Harbin,calibration,conv3x3_5,osm_road,osm,f1,0.5987384815055159,AEF,0.5588726822114346,0.039865799294081294,True,826089
Harbin,calibration,conv3x3_5,osm_water,osm,f1,0.898201267848565,AEF,0.8547241453973183,0.043477122451246686,True,826089
Harbin,calibration,conv3x3_5,osm_green,osm,f1,0.32596338668064595,AEF,0.30393201264010544,0.022031374040540508,True,826089
Harbin,calibration,conv3x3_5,worldcover_trees,worldcover,f1,0.6778386852691572,AEF,0.7167304611002314,-0.03889177583107417,True,826089
Harbin,calibration,conv3x3_5,worldcover_grass,worldcover,f1,0.31043777937011635,AEF,0.31736357291429124,-0.006925793544174885,True,826089
Harbin,calibration,conv3x3_5,worldcover_crops,worldcover,f1,0.6935809708495223,AEF,0.6720488784081387,0.021532092441383655,True,826089
Harbin,calibration,conv3x3_5,worldcover_built,worldcover,f1,0.8027865933895812,AEF,0.8037559310469637,-0.0009693376573824963,True,826089
Harbin,calibration,conv3x3_5,worldcover_bare,worldcover,f1,0.13796215818680216,AEF,0.14277403494285662,-0.004811876756054462,True,826089
Harbin,calibration,conv3x3_5,worldcover_water,worldcover,f1,0.877584741589673,AEF,0.8851093921376205,-0.007524650547947487,True,826089
Harbin,calibration,conv3x3_5,dw_trees,dw,f1,0.7120940393895917,AEF,0.7407495250052204,-0.028655485615628695,True,688882
Harbin,calibration,conv3x3_5,dw_grass,dw,f1,0.1876269621421976,AEF,0.24323906660485242,-0.05561210446265483,True,688882
Harbin,calibration,conv3x3_5,dw_crops,dw,f1,0.7159445641950866,AEF,0.7693467615850417,-0.05340219738995511,True,688882
Harbin,calibration,conv3x3_5,dw_built,dw,f1,0.9228187547592173,AEF,0.9128201846311377,0.009998570128079587,True,688882
Harbin,calibration,conv3x3_5,dw_bare,dw,f1,0.19235172887565835,AEF,0.04387083609651584,0.1484808927791425,True,688882
Harbin,calibration,conv3x3_5,osm_building,osm,f1,0.441587984932244,Raw180,0.41595686713126273,0.025631117800981262,True,826089
Harbin,calibration,conv3x3_5,osm_road,osm,f1,0.5987384815055159,Raw180,0.5278011976565709,0.07093728384894504,True,826089
Harbin,calibration,conv3x3_5,osm_water,osm,f1,0.898201267848565,Raw180,0.8304345387083245,0.06776672914024051,True,826089
Harbin,calibration,conv3x3_5,osm_green,osm,f1,0.32596338668064595,Raw180,0.2654077983386445,0.060555588342001476,True,826089
Harbin,calibration,conv3x3_5,worldcover_trees,worldcover,f1,0.6778386852691572,Raw180,0.6453342039028191,0.0325044813663381,True,826089
Harbin,calibration,conv3x3_5,worldcover_grass,worldcover,f1,0.31043777937011635,Raw180,0.24618962581502554,0.06424815355509081,True,826089
Harbin,calibration,conv3x3_5,worldcover_crops,worldcover,f1,0.6935809708495223,Raw180,0.668203443033008,0.025377527816514256,True,826089
Harbin,calibration,conv3x3_5,worldcover_built,worldcover,f1,0.8027865933895812,Raw180,0.7843911647633773,0.018395428626203914,True,826089
Harbin,calibration,conv3x3_5,worldcover_bare,worldcover,f1,0.13796215818680216,Raw180,0.14895421826906766,-0.010992060082265498,True,826089
Harbin,calibration,conv3x3_5,worldcover_water,worldcover,f1,0.877584741589673,Raw180,0.8839318764172946,-0.006347134827621614,True,826089
Harbin,calibration,conv3x3_5,dw_trees,dw,f1,0.7120940393895917,Raw180,0.6850427444613414,0.027051294928250313,True,688882
Harbin,calibration,conv3x3_5,dw_grass,dw,f1,0.1876269621421976,Raw180,0.21362468507570656,-0.025997722933508965,True,688882
Harbin,calibration,conv3x3_5,dw_crops,dw,f1,0.7159445641950866,Raw180,0.7120546384938665,0.0038899257012200428,True,688882
Harbin,calibration,conv3x3_5,dw_built,dw,f1,0.9228187547592173,Raw180,0.8854876760535746,0.03733107870564267,True,688882
Harbin,calibration,conv3x3_5,dw_bare,dw,f1,0.19235172887565835,Raw180,0.022123258152564287,0.17022847072309405,True,688882
Harbin,calibration,conv3x3_20,osm_building,osm,f1,0.4978402667053196,AEF,0.44212106180282623,0.05571920490249338,True,826089
Harbin,calibration,conv3x3_20,osm_road,osm,f1,0.615987936793826,AEF,0.5782477793576688,0.03774015743615722,True,826089
Harbin,calibration,conv3x3_20,osm_water,osm,f1,0.9064288118478627,AEF,0.8633498768466411,0.04307893500122162,True,826089
Harbin,calibration,conv3x3_20,osm_green,osm,f1,0.5180589373170373,AEF,0.42333032223411937,0.09472861508291797,True,826089
Harbin,calibration,conv3x3_20,worldcover_trees,worldcover,f1,0.6827527506864345,AEF,0.715631678590535,-0.03287892790410052,True,826089
Harbin,calibration,conv3x3_20,worldcover_grass,worldcover,f1,0.3114061140196986,AEF,0.3673260622127451,-0.05591994819304652,True,826089
Harbin,calibration,conv3x3_20,worldcover_crops,worldcover,f1,0.7188188361174057,AEF,0.7375712259274397,-0.01875238981003402,True,826089
Harbin,calibration,conv3x3_20,worldcover_built,worldcover,f1,0.8302277301803084,AEF,0.8290937207975323,0.00113400938277608,True,826089
Harbin,calibration,conv3x3_20,worldcover_bare,worldcover,f1,0.15234615723215073,AEF,0.1860570564897034,-0.03371089925755266,True,826089
Harbin,calibration,conv3x3_20,worldcover_water,worldcover,f1,0.87883774957568,AEF,0.8930663686823352,-0.014228619106655294,True,826089
Harbin,calibration,conv3x3_20,dw_trees,dw,f1,0.7804155597355,AEF,0.7988628050808007,-0.018447245345300622,True,688882
Harbin,calibration,conv3x3_20,dw_grass,dw,f1,0.16388360459381385,AEF,0.1980425078832057,-0.03415890328939186,True,688882
Harbin,calibration,conv3x3_20,dw_crops,dw,f1,0.7597125010082181,AEF,0.7858922918115344,-0.02617979080331634,True,688882
Harbin,calibration,conv3x3_20,dw_built,dw,f1,0.9268946332318534,AEF,0.9181054448315027,0.0087891884003507,True,688882
Harbin,calibration,conv3x3_20,dw_bare,dw,f1,0.13566463029281653,AEF,0.20745542949756887,-0.07179079920475234,True,688882
Harbin,calibration,conv3x3_20,osm_building,osm,f1,0.4978402667053196,Raw180,0.4422239098285303,0.055616356876789286,True,826089
Harbin,calibration,conv3x3_20,osm_road,osm,f1,0.615987936793826,Raw180,0.5638938072622771,0.052094129531548905,True,826089
Harbin,calibration,conv3x3_20,osm_water,osm,f1,0.9064288118478627,Raw180,0.8409616416862794,0.06546717016158332,True,826089
Harbin,calibration,conv3x3_20,osm_green,osm,f1,0.5180589373170373,Raw180,0.4246929471708233,0.09336599014621405,True,826089
Harbin,calibration,conv3x3_20,worldcover_trees,worldcover,f1,0.6827527506864345,Raw180,0.6566830322446117,0.02606971844182282,True,826089
Harbin,calibration,conv3x3_20,worldcover_grass,worldcover,f1,0.3114061140196986,Raw180,0.3052544034217483,0.006151710597950277,True,826089
Harbin,calibration,conv3x3_20,worldcover_crops,worldcover,f1,0.7188188361174057,Raw180,0.7094302443830431,0.009388591734362572,True,826089
Harbin,calibration,conv3x3_20,worldcover_built,worldcover,f1,0.8302277301803084,Raw180,0.8079842610388458,0.02224346914146258,True,826089
Harbin,calibration,conv3x3_20,worldcover_bare,worldcover,f1,0.15234615723215073,Raw180,0.13562492956159133,0.01672122767055939,True,826089
Harbin,calibration,conv3x3_20,worldcover_water,worldcover,f1,0.87883774957568,Raw180,0.8811110109117143,-0.002273261336034338,True,826089
Harbin,calibration,conv3x3_20,dw_trees,dw,f1,0.7804155597355,Raw180,0.7713496808425568,0.009065878892943191,True,688882
Harbin,calibration,conv3x3_20,dw_grass,dw,f1,0.16388360459381385,Raw180,0.22339727997631084,-0.059513675382496994,True,688882
Harbin,calibration,conv3x3_20,dw_crops,dw,f1,0.7597125010082181,Raw180,0.7249549626833662,0.034757538324851844,True,688882
Harbin,calibration,conv3x3_20,dw_built,dw,f1,0.9268946332318534,Raw180,0.8994013263119298,0.027493306919923577,True,688882
Harbin,calibration,conv3x3_20,dw_bare,dw,f1,0.13566463029281653,Raw180,0.029034348671419314,0.10663028162139722,True,688882
Harbin,calibration,rf_5,osm_building,osm,f1,0.4911815708223485,AEF,0.3925590322724635,0.09862253854988495,True,826089
Harbin,calibration,rf_5,osm_road,osm,f1,0.5991208450517085,AEF,0.5374929187209387,0.061627926330769744,True,826089
Harbin,calibration,rf_5,osm_water,osm,f1,0.9045911242384171,AEF,0.8502849111980536,0.05430621304036354,True,826089
Harbin,calibration,rf_5,osm_green,osm,f1,0.39528598520034913,AEF,0.3723885975868083,0.02289738761354082,True,826089
Harbin,calibration,rf_5,worldcover_trees,worldcover,f1,0.6952091035465855,AEF,0.7208115995940908,-0.025602496047505308,True,826089
Harbin,calibration,rf_5,worldcover_grass,worldcover,f1,0.2977474338227477,AEF,0.34576190576106647,-0.04801447193831876,True,826089
Harbin,calibration,rf_5,worldcover_crops,worldcover,f1,0.7007180830243465,AEF,0.7178348211107789,-0.017116738086432437,True,826089
Harbin,calibration,rf_5,worldcover_built,worldcover,f1,0.8224890223796543,AEF,0.8165660030476708,0.00592301933198347,True,826089
Harbin,calibration,rf_5,worldcover_bare,worldcover,f1,0.11882049436045117,AEF,0.1394104393541119,-0.020589944993660736,True,826089
Harbin,calibration,rf_5,worldcover_water,worldcover,f1,0.8924474101451412,AEF,0.8935139029377733,-0.0010664927926321566,True,826089
Harbin,calibration,rf_5,dw_trees,dw,f1,0.7358146404418736,AEF,0.7565465095111239,-0.020731869069250286,True,688882
Harbin,calibration,rf_5,dw_grass,dw,f1,0.1968041836141778,AEF,0.1729854636322111,0.02381871998196672,True,688882
Harbin,calibration,rf_5,dw_crops,dw,f1,0.738599628873943,AEF,0.7272224869748387,0.011377141899104326,True,688882
Harbin,calibration,rf_5,dw_built,dw,f1,0.9188129827612666,AEF,0.9120034072356434,0.006809575525623113,True,688882
Harbin,calibration,rf_5,dw_bare,dw,f1,0.14752567693744165,AEF,0.11844660194174757,0.02907907499569408,True,688882
Harbin,calibration,rf_5,osm_building,osm,f1,0.4911815708223485,Raw180,0.40532758232512944,0.08585398849721904,True,826089
Harbin,calibration,rf_5,osm_road,osm,f1,0.5991208450517085,Raw180,0.5378499145748455,0.06127093047686294,True,826089
Harbin,calibration,rf_5,osm_water,osm,f1,0.9045911242384171,Raw180,0.828334638267048,0.07625648597136914,True,826089
Harbin,calibration,rf_5,osm_green,osm,f1,0.39528598520034913,Raw180,0.27206897154137766,0.12321701365897147,True,826089
Harbin,calibration,rf_5,worldcover_trees,worldcover,f1,0.6952091035465855,Raw180,0.6415443571871169,0.05366474635946861,True,826089
Harbin,calibration,rf_5,worldcover_grass,worldcover,f1,0.2977474338227477,Raw180,0.2164695125435739,0.0812779212791738,True,826089
Harbin,calibration,rf_5,worldcover_crops,worldcover,f1,0.7007180830243465,Raw180,0.6833423621895578,0.017375720834788666,True,826089
Harbin,calibration,rf_5,worldcover_built,worldcover,f1,0.8224890223796543,Raw180,0.7852100432620386,0.037278979117615685,True,826089
Harbin,calibration,rf_5,worldcover_bare,worldcover,f1,0.11882049436045117,Raw180,0.12655397400170207,-0.007733479641250901,True,826089
Harbin,calibration,rf_5,worldcover_water,worldcover,f1,0.8924474101451412,Raw180,0.8303493434763768,0.062098066668764385,True,826089
Harbin,calibration,rf_5,dw_trees,dw,f1,0.7358146404418736,Raw180,0.7033523147856967,0.032462325656176905,True,688882
Harbin,calibration,rf_5,dw_grass,dw,f1,0.1968041836141778,Raw180,0.1616338028169014,0.03517038079727641,True,688882
Harbin,calibration,rf_5,dw_crops,dw,f1,0.738599628873943,Raw180,0.689831166234815,0.04876846263912804,True,688882
Harbin,calibration,rf_5,dw_built,dw,f1,0.9188129827612666,Raw180,0.8824166622568506,0.03639632050441599,True,688882
Harbin,calibration,rf_5,dw_bare,dw,f1,0.14752567693744165,Raw180,0.01035623365602757,0.1371694432814141,True,688882
Harbin,calibration,rf_20,osm_building,osm,f1,0.4873416074727448,AEF,0.41838273908622636,0.06895886838651843,True,826089
Harbin,calibration,rf_20,osm_road,osm,f1,0.6189784975356117,AEF,0.5498037623494384,0.06917473518617334,True,826089
Harbin,calibration,rf_20,osm_water,osm,f1,0.9083210397088325,AEF,0.8226017986510118,0.0857192410578207,True,826089
Harbin,calibration,rf_20,osm_green,osm,f1,0.5365733884766779,AEF,0.41353331603682186,0.12304007243985604,True,826089
Harbin,calibration,rf_20,worldcover_trees,worldcover,f1,0.6958842296178135,AEF,0.7213191977673766,-0.025434968149563142,True,826089
Harbin,calibration,rf_20,worldcover_grass,worldcover,f1,0.30299777308285275,AEF,0.349521622655951,-0.04652384957309824,True,826089
Harbin,calibration,rf_20,worldcover_crops,worldcover,f1,0.726614400416238,AEF,0.7322557783315425,-0.005641377915304502,True,826089
Harbin,calibration,rf_20,worldcover_built,worldcover,f1,0.8318404442272297,AEF,0.8219058698924596,0.009934574334770074,True,826089
Harbin,calibration,rf_20,worldcover_bare,worldcover,f1,0.17519815903860905,AEF,0.17619884714443398,-0.0010006881058249317,True,826089
Harbin,calibration,rf_20,worldcover_water,worldcover,f1,0.89796863116823,AEF,0.8995312488501983,-0.0015626176819683035,True,826089
Harbin,calibration,rf_20,dw_trees,dw,f1,0.7770971303785421,AEF,0.7896096175119025,-0.012512487133360395,True,688882
Harbin,calibration,rf_20,dw_grass,dw,f1,0.21481268139220594,AEF,0.24547934134761087,-0.030666659955404935,True,688882
Harbin,calibration,rf_20,dw_crops,dw,f1,0.7571161201074131,AEF,0.7797610909836626,-0.022644970876249504,True,688882
Harbin,calibration,rf_20,dw_built,dw,f1,0.9229991073141572,AEF,0.9179404995418925,0.005058607772264745,True,688882
Harbin,calibration,rf_20,dw_bare,dw,f1,0.10837802848159793,AEF,0.12528560548362527,-0.016907577002027344,True,688882
Harbin,calibration,rf_20,osm_building,osm,f1,0.4873416074727448,Raw180,0.42164343530394044,0.06569817216880436,True,826089
Harbin,calibration,rf_20,osm_road,osm,f1,0.6189784975356117,Raw180,0.5545381692216219,0.06444032831398983,True,826089
Harbin,calibration,rf_20,osm_water,osm,f1,0.9083210397088325,Raw180,0.8062265896304384,0.10209445007839413,True,826089
Harbin,calibration,rf_20,osm_green,osm,f1,0.5365733884766779,Raw180,0.39663393939760455,0.13993944907907335,True,826089
Harbin,calibration,rf_20,worldcover_trees,worldcover,f1,0.6958842296178135,Raw180,0.6606422488314017,0.03524198078641183,True,826089
Harbin,calibration,rf_20,worldcover_grass,worldcover,f1,0.30299777308285275,Raw180,0.29832710817865243,0.004670664904200317,True,826089
Harbin,calibration,rf_20,worldcover_crops,worldcover,f1,0.726614400416238,Raw180,0.7043019198453842,0.022312480570853888,True,826089
Harbin,calibration,rf_20,worldcover_built,worldcover,f1,0.8318404442272297,Raw180,0.7989206124531028,0.03291983177412694,True,826089
Harbin,calibration,rf_20,worldcover_bare,worldcover,f1,0.17519815903860905,Raw180,0.13717248348687006,0.038025675551739,True,826089
Harbin,calibration,rf_20,worldcover_water,worldcover,f1,0.89796863116823,Raw180,0.8815889145496536,0.0163797166185764,True,826089
Harbin,calibration,rf_20,dw_trees,dw,f1,0.7770971303785421,Raw180,0.7463246328234359,0.03077249755510625,True,688882
Harbin,calibration,rf_20,dw_grass,dw,f1,0.21481268139220594,Raw180,0.254147001186829,-0.03933431979462304,True,688882
Harbin,calibration,rf_20,dw_crops,dw,f1,0.7571161201074131,Raw180,0.733145688667161,0.023970431440252127,True,688882
Harbin,calibration,rf_20,dw_built,dw,f1,0.9229991073141572,Raw180,0.8846073587578821,0.03839174855627514,True,688882
Harbin,calibration,rf_20,dw_bare,dw,f1,0.10837802848159793,Raw180,0.02645423117390651,0.08192379730769142,True,688882
Harbin,calibration,retrieval_3,osm_building,osm,ap,0.3912756881566854,AEF,0.21470541359042153,0.17657027456626387,True,826089
Harbin,calibration,retrieval_3,osm_road,osm,ap,0.5326589110925751,AEF,0.42017670686347525,0.11248220422909988,True,826089
Harbin,calibration,retrieval_3,osm_water,osm,ap,0.834933796047258,AEF,0.533890429388679,0.301043366658579,True,826089
Harbin,calibration,retrieval_3,osm_green,osm,ap,0.4584971540032744,AEF,0.3444070325200739,0.11409012148320052,True,826089
Harbin,calibration,retrieval_3,osm_building,osm,ap,0.3912756881566854,Raw180,0.16160384360056945,0.22967184455611594,True,826089
Harbin,calibration,retrieval_3,osm_road,osm,ap,0.5326589110925751,Raw180,0.2556643340771875,0.2769945770153876,True,826089
Harbin,calibration,retrieval_3,osm_water,osm,ap,0.834933796047258,Raw180,0.7361402594634935,0.09879353658376455,True,826089
Harbin,calibration,retrieval_3,osm_green,osm,ap,0.4584971540032744,Raw180,0.2719897433395383,0.1865074106637361,True,826089
Harbin,calibration,regression_5,worldcover_trees,worldcover,rmse,0.15644977837688484,AEF,0.15086377283588778,0.005586005540997058,True,3177
Harbin,calibration,regression_5,worldcover_grass,worldcover,rmse,0.12348014664867339,AEF,0.14013689924264475,-0.016656752593971355,True,3177
Harbin,calibration,regression_5,worldcover_crops,worldcover,rmse,0.16369964255695776,AEF,0.19481660149225022,-0.031116958935292455,True,3177
Harbin,calibration,regression_5,worldcover_built,worldcover,rmse,0.14192761160554332,AEF,0.1552544600101595,-0.013326848404616176,True,3177
Harbin,calibration,regression_5,worldcover_bare,worldcover,rmse,0.07098130560340123,AEF,0.07926979159377527,-0.008288485990374045,True,3177
Harbin,calibration,regression_5,worldcover_water,worldcover,rmse,0.14764545118084835,AEF,0.10546666703484421,0.042178784146004136,True,3177
Harbin,calibration,regression_5,dw_trees,dw,rmse,0.24736746887587982,AEF,0.2272903529135562,0.020077115962323616,True,2457
Harbin,calibration,regression_5,dw_grass,dw,rmse,0.08609055236840352,AEF,0.07548612318417366,0.010604429184229852,True,2457
Harbin,calibration,regression_5,dw_crops,dw,rmse,0.23144922531464326,AEF,0.20465849583199142,0.02679072948265185,True,2457
Harbin,calibration,regression_5,dw_built,dw,rmse,0.13203267035825128,AEF,0.14102894448949374,-0.00899627413124246,True,2457
Harbin,calibration,regression_5,dw_bare,dw,rmse,0.01595671396294651,AEF,0.016113205813558962,-0.0001564918506124502,True,2457
Harbin,calibration,regression_5,worldcover_trees,worldcover,rmse,0.15644977837688484,Raw180,0.21826958173943678,-0.06181980336255194,True,3177
Harbin,calibration,regression_5,worldcover_grass,worldcover,rmse,0.12348014664867339,Raw180,0.14005464310282206,-0.01657449645414867,True,3177
Harbin,calibration,regression_5,worldcover_crops,worldcover,rmse,0.16369964255695776,Raw180,0.20140613116836026,-0.037706488611402494,True,3177
Harbin,calibration,regression_5,worldcover_built,worldcover,rmse,0.14192761160554332,Raw180,0.2057039090843708,-0.06377629747882749,True,3177
Harbin,calibration,regression_5,worldcover_bare,worldcover,rmse,0.07098130560340123,Raw180,0.09520146728991952,-0.02422016168651829,True,3177
Harbin,calibration,regression_5,worldcover_water,worldcover,rmse,0.14764545118084835,Raw180,0.1344102203284385,0.013235230852409852,True,3177
Harbin,calibration,regression_5,dw_trees,dw,rmse,0.24736746887587982,Raw180,0.2632360549564306,-0.01586858608055078,True,2457
Harbin,calibration,regression_5,dw_grass,dw,rmse,0.08609055236840352,Raw180,0.07868030922469263,0.007410243143710887,True,2457
Harbin,calibration,regression_5,dw_crops,dw,rmse,0.23144922531464326,Raw180,0.19288101451935588,0.03856821079528738,True,2457
Harbin,calibration,regression_5,dw_built,dw,rmse,0.13203267035825128,Raw180,0.2316687072276888,-0.09963603686943753,True,2457
Harbin,calibration,regression_5,dw_bare,dw,rmse,0.01595671396294651,Raw180,0.016191821491415907,-0.000235107528469395,True,2457
Harbin,full_region,linear_5,osm_building,osm,f1,0.4624067752985948,AEF,0.36903806208066,0.09336871321793483,True,4586971
Harbin,full_region,linear_5,osm_road,osm,f1,0.576975606466081,AEF,0.5477183106539972,0.029257295812083806,True,4586971
Harbin,full_region,linear_5,osm_water,osm,f1,0.8656171700806853,AEF,0.7579768720697809,0.10764029801090436,True,4586971
Harbin,full_region,linear_5,osm_green,osm,f1,0.48783909963728755,AEF,0.384669288120305,0.10316981151698257,True,4586971
Harbin,full_region,linear_5,worldcover_trees,worldcover,f1,0.6795908031826813,AEF,0.6918704568067319,-0.01227965362405059,True,4586971
Harbin,full_region,linear_5,worldcover_grass,worldcover,f1,0.32875063208082667,AEF,0.32726118543749605,0.0014894466433306164,True,4586971
Harbin,full_region,linear_5,worldcover_crops,worldcover,f1,0.7383974933141231,AEF,0.72757400024127,0.01082349307285313,True,4586971
Harbin,full_region,linear_5,worldcover_built,worldcover,f1,0.8111103921747997,AEF,0.7975724723898042,0.013537919784995522,True,4586971
Harbin,full_region,linear_5,worldcover_bare,worldcover,f1,0.2075006788116862,AEF,0.19330249901401886,0.014198179797667354,True,4586971
Harbin,full_region,linear_5,worldcover_water,worldcover,f1,0.862957207607639,AEF,0.8332464626965879,0.02971074491105119,True,4586971
Harbin,full_region,linear_5,dw_trees,dw,f1,0.7134772841087212,AEF,0.750870710680852,-0.03739342657213074,True,4133906
Harbin,full_region,linear_5,dw_grass,dw,f1,0.22053584714089403,AEF,0.21747403527466216,0.0030618118662318616,True,4133906
Harbin,full_region,linear_5,dw_crops,dw,f1,0.7312781279847994,AEF,0.7859455732952865,-0.05466744531048706,True,4133906
Harbin,full_region,linear_5,dw_built,dw,f1,0.917582252363206,AEF,0.916703541628072,0.000878710735134014,True,4133906
Harbin,full_region,linear_5,dw_bare,dw,f1,0.11519291120546428,AEF,0.07536493357388879,0.03982797763157549,True,4133906
Harbin,full_region,linear_5,osm_building,osm,f1,0.4624067752985948,Raw180,0.3457872290245868,0.116619546274008,True,4586971
Harbin,full_region,linear_5,osm_road,osm,f1,0.576975606466081,Raw180,0.411868690322835,0.16510691614324602,True,4586971
Harbin,full_region,linear_5,osm_water,osm,f1,0.8656171700806853,Raw180,0.7367867469497231,0.12883042313096216,True,4586971
Harbin,full_region,linear_5,osm_green,osm,f1,0.48783909963728755,Raw180,0.3309706170678828,0.15686848256940478,True,4586971
Harbin,full_region,linear_5,worldcover_trees,worldcover,f1,0.6795908031826813,Raw180,0.5628198482923331,0.11677095489034817,True,4586971
Harbin,full_region,linear_5,worldcover_grass,worldcover,f1,0.32875063208082667,Raw180,0.23196349885933937,0.0967871332214873,True,4586971
Harbin,full_region,linear_5,worldcover_crops,worldcover,f1,0.7383974933141231,Raw180,0.7066420669808116,0.03175542633331152,True,4586971
Harbin,full_region,linear_5,worldcover_built,worldcover,f1,0.8111103921747997,Raw180,0.7480522869829989,0.06305810519180088,True,4586971
Harbin,full_region,linear_5,worldcover_bare,worldcover,f1,0.2075006788116862,Raw180,0.15917165824702528,0.04832902056466093,True,4586971
Harbin,full_region,linear_5,worldcover_water,worldcover,f1,0.862957207607639,Raw180,0.8407255167540192,0.022231690853619868,True,4586971
Harbin,full_region,linear_5,dw_trees,dw,f1,0.7134772841087212,Raw180,0.6877953051581872,0.025681978950534035,True,4133906
Harbin,full_region,linear_5,dw_grass,dw,f1,0.22053584714089403,Raw180,0.17351085666936591,0.04702499047152811,True,4133906
Harbin,full_region,linear_5,dw_crops,dw,f1,0.7312781279847994,Raw180,0.7314270521743739,-0.00014892418957446196,True,4133906
Harbin,full_region,linear_5,dw_built,dw,f1,0.917582252363206,Raw180,0.84561969143078,0.07196256093242603,True,4133906
Harbin,full_region,linear_5,dw_bare,dw,f1,0.11519291120546428,Raw180,0.036180376202774665,0.07901253500268962,True,4133906
Harbin,full_region,linear_20,osm_building,osm,f1,0.49850045930435394,AEF,0.419315165339416,0.07918529396493795,True,4586971
Harbin,full_region,linear_20,osm_road,osm,f1,0.6123404925936109,AEF,0.5586034912718204,0.05373700132179049,True,4586971
Harbin,full_region,linear_20,osm_water,osm,f1,0.8866656152916091,AEF,0.7911355085538299,0.09553010673777929,True,4586971
Harbin,full_region,linear_20,osm_green,osm,f1,0.5998901946791321,AEF,0.4894010957245629,0.11048909895456915,True,4586971
Harbin,full_region,linear_20,worldcover_trees,worldcover,f1,0.6873974699830584,AEF,0.7081812994258554,-0.020783829442796997,True,4586971
Harbin,full_region,linear_20,worldcover_grass,worldcover,f1,0.3379536804825791,AEF,0.343603562457182,-0.005649881974602866,True,4586971
Harbin,full_region,linear_20,worldcover_crops,worldcover,f1,0.7605804788820533,AEF,0.7596587542784874,0.0009217246035658766,True,4586971
Harbin,full_region,linear_20,worldcover_built,worldcover,f1,0.8178011253811353,AEF,0.8029874629023499,0.01481366247878535,True,4586971
Harbin,full_region,linear_20,worldcover_bare,worldcover,f1,0.25510737672771355,AEF,0.22564069093455902,0.029466685793154535,True,4586971
Harbin,full_region,linear_20,worldcover_water,worldcover,f1,0.8674470164959875,AEF,0.8712408301713916,-0.0037938136754041007,True,4586971
Harbin,full_region,linear_20,dw_trees,dw,f1,0.7746394370554922,AEF,0.781249711670011,-0.006610274614518796,True,4133906
Harbin,full_region,linear_20,dw_grass,dw,f1,0.23526685224896443,AEF,0.26957670293729163,-0.034309850688327204,True,4133906
Harbin,full_region,linear_20,dw_crops,dw,f1,0.7941832771343678,AEF,0.8045326146892593,-0.010349337554891536,True,4133906
Harbin,full_region,linear_20,dw_built,dw,f1,0.9245137073910293,AEF,0.9212101587101306,0.0033035486808987713,True,4133906
Harbin,full_region,linear_20,dw_bare,dw,f1,0.1451812555260831,AEF,0.3001373071642032,-0.15495605163812012,True,4133906
Harbin,full_region,linear_20,osm_building,osm,f1,0.49850045930435394,Raw180,0.38701003260334,0.11149042670101394,True,4586971
Harbin,full_region,linear_20,osm_road,osm,f1,0.6123404925936109,Raw180,0.4356616731869266,0.17667881940668428,True,4586971
Harbin,full_region,linear_20,osm_water,osm,f1,0.8866656152916091,Raw180,0.7359484260984195,0.15071718919318966,True,4586971
Harbin,full_region,linear_20,osm_green,osm,f1,0.5998901946791321,Raw180,0.4481731804582744,0.15171701422085765,True,4586971
Harbin,full_region,linear_20,worldcover_trees,worldcover,f1,0.6873974699830584,Raw180,0.6231186522420242,0.06427881774103417,True,4586971
Harbin,full_region,linear_20,worldcover_grass,worldcover,f1,0.3379536804825791,Raw180,0.2671576160605764,0.0707960644220027,True,4586971
Harbin,full_region,linear_20,worldcover_crops,worldcover,f1,0.7605804788820533,Raw180,0.7304637229505974,0.030116755931455907,True,4586971
Harbin,full_region,linear_20,worldcover_built,worldcover,f1,0.8178011253811353,Raw180,0.7525308824330029,0.06527024294813233,True,4586971
Harbin,full_region,linear_20,worldcover_bare,worldcover,f1,0.25510737672771355,Raw180,0.17689973291288424,0.07820764381482931,True,4586971
Harbin,full_region,linear_20,worldcover_water,worldcover,f1,0.8674470164959875,Raw180,0.8296713078350167,0.0377757086609708,True,4586971
Harbin,full_region,linear_20,dw_trees,dw,f1,0.7746394370554922,Raw180,0.7331292465663904,0.04151019048910176,True,4133906
Harbin,full_region,linear_20,dw_grass,dw,f1,0.23526685224896443,Raw180,0.2788286325052404,-0.043561780256275995,True,4133906
Harbin,full_region,linear_20,dw_crops,dw,f1,0.7941832771343678,Raw180,0.7805471585004101,0.013636118633957639,True,4133906
Harbin,full_region,linear_20,dw_built,dw,f1,0.9245137073910293,Raw180,0.8656204644240726,0.05889324296695675,True,4133906
Harbin,full_region,linear_20,dw_bare,dw,f1,0.1451812555260831,Raw180,0.0434616850934045,0.1017195704326786,True,4133906
Harbin,full_region,mlp_5,osm_building,osm,f1,0.4758643739470292,AEF,0.3918950292160477,0.0839693447309815,True,4586971
Harbin,full_region,mlp_5,osm_road,osm,f1,0.604122783744189,AEF,0.5459473848626033,0.05817539888158574,True,4586971
Harbin,full_region,mlp_5,osm_water,osm,f1,0.8698660647429153,AEF,0.7432201407259443,0.12664592401697095,True,4586971
Harbin,full_region,mlp_5,osm_green,osm,f1,0.43901712003506804,AEF,0.3902625761271091,0.04875454390795897,True,4586971
Harbin,full_region,mlp_5,worldcover_trees,worldcover,f1,0.6872815228753906,AEF,0.708597596670318,-0.021316073794927393,True,4586971
Harbin,full_region,mlp_5,worldcover_grass,worldcover,f1,0.329348779879883,AEF,0.35653315744273534,-0.027184377562852358,True,4586971
Harbin,full_region,mlp_5,worldcover_crops,worldcover,f1,0.750903068603945,AEF,0.7623745452912111,-0.011471476687266113,True,4586971
Harbin,full_region,mlp_5,worldcover_built,worldcover,f1,0.8150037305599214,AEF,0.7974457365476435,0.017557994012277867,True,4586971
Harbin,full_region,mlp_5,worldcover_bare,worldcover,f1,0.17063102586338827,AEF,0.1718425045548545,-0.0012114786914662334,True,4586971
Harbin,full_region,mlp_5,worldcover_water,worldcover,f1,0.8592565769831668,AEF,0.8655714316185131,-0.006314854635346312,True,4586971
Harbin,full_region,mlp_5,dw_trees,dw,f1,0.7368912550827963,AEF,0.7476048498699434,-0.010713594787147063,True,4133906
Harbin,full_region,mlp_5,dw_grass,dw,f1,0.16790623130497723,AEF,0.26796775320222677,-0.10006152189724954,True,4133906
Harbin,full_region,mlp_5,dw_crops,dw,f1,0.7816591694858545,AEF,0.78069036901107,0.0009688004747844259,True,4133906
Harbin,full_region,mlp_5,dw_built,dw,f1,0.9180100179265082,AEF,0.9149354796507787,0.003074538275729455,True,4133906
Harbin,full_region,mlp_5,dw_bare,dw,f1,0.11092009866208237,AEF,0.09482960828334953,0.016090490378732836,True,4133906
Harbin,full_region,mlp_5,osm_building,osm,f1,0.4758643739470292,Raw180,0.3277400664002199,0.14812430754680928,True,4586971
Harbin,full_region,mlp_5,osm_road,osm,f1,0.604122783744189,Raw180,0.48379857800954096,0.12032420573464808,True,4586971
Harbin,full_region,mlp_5,osm_water,osm,f1,0.8698660647429153,Raw180,0.7364993133313518,0.1333667514115635,True,4586971
Harbin,full_region,mlp_5,osm_green,osm,f1,0.43901712003506804,Raw180,0.33337707905236985,0.10564004098269819,True,4586971
Harbin,full_region,mlp_5,worldcover_trees,worldcover,f1,0.6872815228753906,Raw180,0.5868262834595103,0.1004552394158803,True,4586971
Harbin,full_region,mlp_5,worldcover_grass,worldcover,f1,0.329348779879883,Raw180,0.25473570609189156,0.07461307378799142,True,4586971
Harbin,full_region,mlp_5,worldcover_crops,worldcover,f1,0.750903068603945,Raw180,0.719299318142612,0.0316037504613329,True,4586971
Harbin,full_region,mlp_5,worldcover_built,worldcover,f1,0.8150037305599214,Raw180,0.760547458482145,0.05445627207777637,True,4586971
Harbin,full_region,mlp_5,worldcover_bare,worldcover,f1,0.17063102586338827,Raw180,0.1714272878638555,-0.0007962620004672294,True,4586971
Harbin,full_region,mlp_5,worldcover_water,worldcover,f1,0.8592565769831668,Raw180,0.8420882613698527,0.01716831561331411,True,4586971
Harbin,full_region,mlp_5,dw_trees,dw,f1,0.7368912550827963,Raw180,0.6992529508389516,0.037638304243844733,True,4133906
Harbin,full_region,mlp_5,dw_grass,dw,f1,0.16790623130497723,Raw180,0.20396762522357706,-0.03606139391859983,True,4133906
Harbin,full_region,mlp_5,dw_crops,dw,f1,0.7816591694858545,Raw180,0.7560160896062765,0.025643079879577924,True,4133906
Harbin,full_region,mlp_5,dw_built,dw,f1,0.9180100179265082,Raw180,0.8722510579000524,0.04575896002645574,True,4133906
Harbin,full_region,mlp_5,dw_bare,dw,f1,0.11092009866208237,Raw180,0.010745826214051917,0.10017427244803045,True,4133906
Harbin,full_region,mlp_20,osm_building,osm,f1,0.46546256570067923,AEF,0.39180033222069094,0.07366223347998829,True,4586971
Harbin,full_region,mlp_20,osm_road,osm,f1,0.6026570116590549,AEF,0.5453682864868529,0.05728872517220207,True,4586971
Harbin,full_region,mlp_20,osm_water,osm,f1,0.8748165872674913,AEF,0.762646320661019,0.11217026660647234,True,4586971
Harbin,full_region,mlp_20,osm_green,osm,f1,0.5780393071775131,AEF,0.4630409719378971,0.11499833523961595,True,4586971
Harbin,full_region,mlp_20,worldcover_trees,worldcover,f1,0.6885351800623702,AEF,0.7100112539807965,-0.02147607391842621,True,4586971
Harbin,full_region,mlp_20,worldcover_grass,worldcover,f1,0.3350268293643906,AEF,0.34307964899256943,-0.008052819628178831,True,4586971
Harbin,full_region,mlp_20,worldcover_crops,worldcover,f1,0.7590091539132591,AEF,0.7633202169520366,-0.004311063038777485,True,4586971
Harbin,full_region,mlp_20,worldcover_built,worldcover,f1,0.8158796487512966,AEF,0.799045116586527,0.0168345321647696,True,4586971
Harbin,full_region,mlp_20,worldcover_bare,worldcover,f1,0.22406715886092188,AEF,0.1694563640605821,0.054610794800339785,True,4586971
Harbin,full_region,mlp_20,worldcover_water,worldcover,f1,0.8573880570217961,AEF,0.863063837670805,-0.005675780649008866,True,4586971
Harbin,full_region,mlp_20,dw_trees,dw,f1,0.7614524265566824,AEF,0.7734491685657642,-0.01199674200908174,True,4133906
Harbin,full_region,mlp_20,dw_grass,dw,f1,0.19229138108879384,AEF,0.2690118173609203,-0.07672043627212644,True,4133906
Harbin,full_region,mlp_20,dw_crops,dw,f1,0.7880774818539752,AEF,0.7947122076132818,-0.00663472575930657,True,4133906
Harbin,full_region,mlp_20,dw_built,dw,f1,0.9191532749268847,AEF,0.9180679838323552,0.0010852910945294836,True,4133906
Harbin,full_region,mlp_20,dw_bare,dw,f1,0.10557432432432433,AEF,0.13642251386954077,-0.03084818954521644,True,4133906
Harbin,full_region,mlp_20,osm_building,osm,f1,0.46546256570067923,Raw180,0.4029770903593441,0.06248547534133514,True,4586971
Harbin,full_region,mlp_20,osm_road,osm,f1,0.6026570116590549,Raw180,0.4894487145533843,0.11320829710567065,True,4586971
Harbin,full_region,mlp_20,osm_water,osm,f1,0.8748165872674913,Raw180,0.743333940647684,0.13148264661980735,True,4586971
Harbin,full_region,mlp_20,osm_green,osm,f1,0.5780393071775131,Raw180,0.381065993808345,0.19697331336916807,True,4586971
Harbin,full_region,mlp_20,worldcover_trees,worldcover,f1,0.6885351800623702,Raw180,0.6186756681124947,0.0698595119498755,True,4586971
Harbin,full_region,mlp_20,worldcover_grass,worldcover,f1,0.3350268293643906,Raw180,0.2673170915460461,0.0677097378183445,True,4586971
Harbin,full_region,mlp_20,worldcover_crops,worldcover,f1,0.7590091539132591,Raw180,0.7363744958391273,0.022634658074131786,True,4586971
Harbin,full_region,mlp_20,worldcover_built,worldcover,f1,0.8158796487512966,Raw180,0.7673014950490326,0.04857815370226404,True,4586971
Harbin,full_region,mlp_20,worldcover_bare,worldcover,f1,0.22406715886092188,Raw180,0.1710519785600847,0.053015180300837184,True,4586971
Harbin,full_region,mlp_20,worldcover_water,worldcover,f1,0.8573880570217961,Raw180,0.84099408239051,0.016393974631286112,True,4586971
Harbin,full_region,mlp_20,dw_trees,dw,f1,0.7614524265566824,Raw180,0.7428089209483048,0.018643505608377686,True,4133906
Harbin,full_region,mlp_20,dw_grass,dw,f1,0.19229138108879384,Raw180,0.2371108503833234,-0.04481946929452957,True,4133906
Harbin,full_region,mlp_20,dw_crops,dw,f1,0.7880774818539752,Raw180,0.778710281465406,0.009367200388569197,True,4133906
Harbin,full_region,mlp_20,dw_built,dw,f1,0.9191532749268847,Raw180,0.8746084450669892,0.044544829859895496,True,4133906
Harbin,full_region,mlp_20,dw_bare,dw,f1,0.10557432432432433,Raw180,0.033006814310051105,0.07256751001427322,True,4133906
Harbin,full_region,conv3x3_5,osm_building,osm,f1,0.4558496315658125,AEF,0.32797690916534095,0.12787272240047154,True,4586971
Harbin,full_region,conv3x3_5,osm_road,osm,f1,0.589791248847347,AEF,0.5496476435608414,0.040143605286505624,True,4586971
Harbin,full_region,conv3x3_5,osm_water,osm,f1,0.843518897800799,AEF,0.7486621579795579,0.0948567398212411,True,4586971
Harbin,full_region,conv3x3_5,osm_green,osm,f1,0.36466860705256315,AEF,0.344629616233226,0.020038990819337132,True,4586971
Harbin,full_region,conv3x3_5,worldcover_trees,worldcover,f1,0.67806149382153,AEF,0.6958018515500969,-0.017740357728566858,True,4586971
Harbin,full_region,conv3x3_5,worldcover_grass,worldcover,f1,0.3291757285347206,AEF,0.3264817151500437,0.0026940133846768965,True,4586971
Harbin,full_region,conv3x3_5,worldcover_crops,worldcover,f1,0.7406181204420392,AEF,0.7249891210462316,0.01562899939580764,True,4586971
Harbin,full_region,conv3x3_5,worldcover_built,worldcover,f1,0.7876290049813826,AEF,0.7876464067477819,-1.7401766399305352e-05,True,4586971
Harbin,full_region,conv3x3_5,worldcover_bare,worldcover,f1,0.18754200395972465,AEF,0.17641457782856054,0.011127426131164103,True,4586971
Harbin,full_region,conv3x3_5,worldcover_water,worldcover,f1,0.8481775080330143,AEF,0.8503485467470118,-0.0021710387139974863,True,4586971
Harbin,full_region,conv3x3_5,dw_trees,dw,f1,0.7076552659757331,AEF,0.7439567588601168,-0.03630149288438367,True,4133906
Harbin,full_region,conv3x3_5,dw_grass,dw,f1,0.2143551977137204,AEF,0.24547711458442603,-0.031121916870705618,True,4133906
Harbin,full_region,conv3x3_5,dw_crops,dw,f1,0.7597199647281858,AEF,0.7933351512131755,-0.033615186484989734,True,4133906
Harbin,full_region,conv3x3_5,dw_built,dw,f1,0.9205214666880188,AEF,0.9164058233069716,0.004115643381047196,True,4133906
Harbin,full_region,conv3x3_5,dw_bare,dw,f1,0.1690907188448258,AEF,0.05360906454344028,0.11548165430138552,True,4133906
Harbin,full_region,conv3x3_5,osm_building,osm,f1,0.4558496315658125,Raw180,0.34976266398984157,0.10608696757597091,True,4586971
Harbin,full_region,conv3x3_5,osm_road,osm,f1,0.589791248847347,Raw180,0.5403398490989129,0.049451399748434155,True,4586971
Harbin,full_region,conv3x3_5,osm_water,osm,f1,0.843518897800799,Raw180,0.7360206268243572,0.10749827097644182,True,4586971
Harbin,full_region,conv3x3_5,osm_green,osm,f1,0.36466860705256315,Raw180,0.28933477439972244,0.07533383265284072,True,4586971
Harbin,full_region,conv3x3_5,worldcover_trees,worldcover,f1,0.67806149382153,Raw180,0.629890116481778,0.048171377339752075,True,4586971
Harbin,full_region,conv3x3_5,worldcover_grass,worldcover,f1,0.3291757285347206,Raw180,0.2533531011866994,0.0758226273480212,True,4586971
Harbin,full_region,conv3x3_5,worldcover_crops,worldcover,f1,0.7406181204420392,Raw180,0.7203196686939066,0.020298451748132607,True,4586971
Harbin,full_region,conv3x3_5,worldcover_built,worldcover,f1,0.7876290049813826,Raw180,0.7754560407184083,0.012172964262974206,True,4586971
Harbin,full_region,conv3x3_5,worldcover_bare,worldcover,f1,0.18754200395972465,Raw180,0.17482551812729608,0.01271648583242857,True,4586971
Harbin,full_region,conv3x3_5,worldcover_water,worldcover,f1,0.8481775080330143,Raw180,0.8394762969881875,0.008701211044826795,True,4586971
Harbin,full_region,conv3x3_5,dw_trees,dw,f1,0.7076552659757331,Raw180,0.7031113645397518,0.004543901435981379,True,4133906
Harbin,full_region,conv3x3_5,dw_grass,dw,f1,0.2143551977137204,Raw180,0.22019733905660915,-0.00584214134288874,True,4133906
Harbin,full_region,conv3x3_5,dw_crops,dw,f1,0.7597199647281858,Raw180,0.7650635644750814,-0.005343599746895578,True,4133906
Harbin,full_region,conv3x3_5,dw_built,dw,f1,0.9205214666880188,Raw180,0.8861797788868846,0.034341687801134224,True,4133906
Harbin,full_region,conv3x3_5,dw_bare,dw,f1,0.1690907188448258,Raw180,0.018539079483854113,0.15055163936097168,True,4133906
Harbin,full_region,conv3x3_20,osm_building,osm,f1,0.49935582933266554,AEF,0.4422339768609677,0.05712185247169782,True,4586971
Harbin,full_region,conv3x3_20,osm_road,osm,f1,0.6048529067694006,AEF,0.5796085185020007,0.025244388267399942,True,4586971
Harbin,full_region,conv3x3_20,osm_water,osm,f1,0.8707981771276094,AEF,0.7741384354986086,0.09665974162900082,True,4586971
Harbin,full_region,conv3x3_20,osm_green,osm,f1,0.5217412039081093,AEF,0.44670721158963184,0.07503399231847746,True,4586971
Harbin,full_region,conv3x3_20,worldcover_trees,worldcover,f1,0.6821686174227594,AEF,0.7157981113607286,-0.03362949393796921,True,4586971
Harbin,full_region,conv3x3_20,worldcover_grass,worldcover,f1,0.3404914896247736,AEF,0.38356344475616777,-0.04307195513139417,True,4586971
Harbin,full_region,conv3x3_20,worldcover_crops,worldcover,f1,0.7572170882176963,AEF,0.7707506013019501,-0.013533513084253768,True,4586971
Harbin,full_region,conv3x3_20,worldcover_built,worldcover,f1,0.8128524142199541,AEF,0.8093437690016995,0.003508645218254669,True,4586971
Harbin,full_region,conv3x3_20,worldcover_bare,worldcover,f1,0.19553674273994925,AEF,0.17763498589108126,0.017901756848867995,True,4586971
Harbin,full_region,conv3x3_20,worldcover_water,worldcover,f1,0.8494286927429052,AEF,0.8640263979863074,-0.014597705243402204,True,4586971
Harbin,full_region,conv3x3_20,dw_trees,dw,f1,0.7651581894583412,AEF,0.787356917508577,-0.022198728050235705,True,4133906
Harbin,full_region,conv3x3_20,dw_grass,dw,f1,0.20028586068336884,AEF,0.23143397601042795,-0.031148115327059106,True,4133906
Harbin,full_region,conv3x3_20,dw_crops,dw,f1,0.792936708549997,AEF,0.7992963193916495,-0.0063596108416524855,True,4133906
Harbin,full_region,conv3x3_20,dw_built,dw,f1,0.924040766532943,AEF,0.923188058699253,0.0008527078336899585,True,4133906
Harbin,full_region,conv3x3_20,dw_bare,dw,f1,0.11073159107157042,AEF,0.2988989832140064,-0.18816739214243594,True,4133906
Harbin,full_region,conv3x3_20,osm_building,osm,f1,0.49935582933266554,Raw180,0.41879616866362707,0.08055966066903847,True,4586971
Harbin,full_region,conv3x3_20,osm_road,osm,f1,0.6048529067694006,Raw180,0.5716392761517866,0.033213630617614065,True,4586971
Harbin,full_region,conv3x3_20,osm_water,osm,f1,0.8707981771276094,Raw180,0.762013029307212,0.10878514782039739,True,4586971
Harbin,full_region,conv3x3_20,osm_green,osm,f1,0.5217412039081093,Raw180,0.4122420618387808,0.10949914206932848,True,4586971
Harbin,full_region,conv3x3_20,worldcover_trees,worldcover,f1,0.6821686174227594,Raw180,0.6554057568382406,0.02676286058451871,True,4586971
Harbin,full_region,conv3x3_20,worldcover_grass,worldcover,f1,0.3404914896247736,Raw180,0.3128676611678536,0.02762382845692002,True,4586971
Harbin,full_region,conv3x3_20,worldcover_crops,worldcover,f1,0.7572170882176963,Raw180,0.745503348909016,0.011713739308680249,True,4586971
Harbin,full_region,conv3x3_20,worldcover_built,worldcover,f1,0.8128524142199541,Raw180,0.7963610874281714,0.01649132679178278,True,4586971
Harbin,full_region,conv3x3_20,worldcover_bare,worldcover,f1,0.19553674273994925,Raw180,0.19093655327994608,0.004600189460003179,True,4586971
Harbin,full_region,conv3x3_20,worldcover_water,worldcover,f1,0.8494286927429052,Raw180,0.8397102848865282,0.00971840785637701,True,4586971
Harbin,full_region,conv3x3_20,dw_trees,dw,f1,0.7651581894583412,Raw180,0.7605460957908003,0.004612093667540895,True,4133906
Harbin,full_region,conv3x3_20,dw_grass,dw,f1,0.20028586068336884,Raw180,0.26205431579909094,-0.0617684551157221,True,4133906
Harbin,full_region,conv3x3_20,dw_crops,dw,f1,0.792936708549997,Raw180,0.7768510165084019,0.016085692041595046,True,4133906
Harbin,full_region,conv3x3_20,dw_built,dw,f1,0.924040766532943,Raw180,0.9003428974240635,0.0236978691088795,True,4133906
Harbin,full_region,conv3x3_20,dw_bare,dw,f1,0.11073159107157042,Raw180,0.04416436780106423,0.06656722327050618,True,4133906
Harbin,full_region,rf_5,osm_building,osm,f1,0.4394592697509432,AEF,0.3425591258683707,0.09690014388257251,True,4586971
Harbin,full_region,rf_5,osm_road,osm,f1,0.5966091594410179,AEF,0.5447650674383424,0.05184409200267548,True,4586971
Harbin,full_region,rf_5,osm_water,osm,f1,0.8618756113348901,AEF,0.7533866905800674,0.10848892075482275,True,4586971
Harbin,full_region,rf_5,osm_green,osm,f1,0.4146911406835309,AEF,0.40621235183674004,0.008478788846790875,True,4586971
Harbin,full_region,rf_5,worldcover_trees,worldcover,f1,0.6902929523379366,AEF,0.7119029676336198,-0.021610015295683183,True,4586971
Harbin,full_region,rf_5,worldcover_grass,worldcover,f1,0.3181489485667533,AEF,0.3606007287971002,-0.0424517802303469,True,4586971
Harbin,full_region,rf_5,worldcover_crops,worldcover,f1,0.727500713258876,AEF,0.7593076027149684,-0.031806889456092446,True,4586971
Harbin,full_region,rf_5,worldcover_built,worldcover,f1,0.8053405118291614,AEF,0.7948098984477733,0.010530613381388165,True,4586971
Harbin,full_region,rf_5,worldcover_bare,worldcover,f1,0.1777473212688607,AEF,0.17545846831704004,0.002288852951820658,True,4586971
Harbin,full_region,rf_5,worldcover_water,worldcover,f1,0.865884444152619,AEF,0.8664079332340382,-0.0005234890814191928,True,4586971
Harbin,full_region,rf_5,dw_trees,dw,f1,0.725669705008576,AEF,0.7391164082942445,-0.013446703285668549,True,4133906
Harbin,full_region,rf_5,dw_grass,dw,f1,0.17316312667947406,AEF,0.1889022386778805,-0.01573911199840644,True,4133906
Harbin,full_region,rf_5,dw_crops,dw,f1,0.7679487123259902,AEF,0.7473205748768391,0.02062813744915104,True,4133906
Harbin,full_region,rf_5,dw_built,dw,f1,0.9178726219973532,AEF,0.9151826959482003,0.0026899260491528576,True,4133906
Harbin,full_region,rf_5,dw_bare,dw,f1,0.10338089880987625,AEF,0.11169561144339554,-0.008314712633519294,True,4133906
Harbin,full_region,rf_5,osm_building,osm,f1,0.4394592697509432,Raw180,0.3422000232315019,0.09725924651944129,True,4586971
Harbin,full_region,rf_5,osm_road,osm,f1,0.5966091594410179,Raw180,0.54723782359933,0.04937133584168785,True,4586971
Harbin,full_region,rf_5,osm_water,osm,f1,0.8618756113348901,Raw180,0.7406301365521554,0.12124547478273473,True,4586971
Harbin,full_region,rf_5,osm_green,osm,f1,0.4146911406835309,Raw180,0.2716884180103296,0.1430027226732013,True,4586971
Harbin,full_region,rf_5,worldcover_trees,worldcover,f1,0.6902929523379366,Raw180,0.6354800757300546,0.05481287660788203,True,4586971
Harbin,full_region,rf_5,worldcover_grass,worldcover,f1,0.3181489485667533,Raw180,0.23684272490240063,0.08130622366435267,True,4586971
Harbin,full_region,rf_5,worldcover_crops,worldcover,f1,0.727500713258876,Raw180,0.7247139714943044,0.0027867417645716097,True,4586971
Harbin,full_region,rf_5,worldcover_built,worldcover,f1,0.8053405118291614,Raw180,0.7685965673596202,0.03674394446954121,True,4586971
Harbin,full_region,rf_5,worldcover_bare,worldcover,f1,0.1777473212688607,Raw180,0.17151137288356066,0.006235948385300033,True,4586971
Harbin,full_region,rf_5,worldcover_water,worldcover,f1,0.865884444152619,Raw180,0.792789393123508,0.07309505102911096,True,4586971
Harbin,full_region,rf_5,dw_trees,dw,f1,0.725669705008576,Raw180,0.7129741492403681,0.012695555768207911,True,4133906
Harbin,full_region,rf_5,dw_grass,dw,f1,0.17316312667947406,Raw180,0.18000200447666456,-0.006838877797190501,True,4133906
Harbin,full_region,rf_5,dw_crops,dw,f1,0.7679487123259902,Raw180,0.7371765097518742,0.030772202574115948,True,4133906
Harbin,full_region,rf_5,dw_built,dw,f1,0.9178726219973532,Raw180,0.8839676627868008,0.033904959210552366,True,4133906
Harbin,full_region,rf_5,dw_bare,dw,f1,0.10338089880987625,Raw180,0.01123274902747791,0.09214814978239834,True,4133906
Harbin,full_region,rf_20,osm_building,osm,f1,0.48120197151805166,AEF,0.4114087787399224,0.06979319277812929,True,4586971
Harbin,full_region,rf_20,osm_road,osm,f1,0.6162283208341595,AEF,0.5677215059733103,0.04850681486084918,True,4586971
Harbin,full_region,rf_20,osm_water,osm,f1,0.8796554978549586,AEF,0.7683142106267034,0.1113412872282552,True,4586971
Harbin,full_region,rf_20,osm_green,osm,f1,0.5853460207749842,AEF,0.48003441159782995,0.10531160917715426,True,4586971
Harbin,full_region,rf_20,worldcover_trees,worldcover,f1,0.6824597085732739,AEF,0.7165083087911941,-0.03404860021792022,True,4586971
Harbin,full_region,rf_20,worldcover_grass,worldcover,f1,0.3311825104948253,AEF,0.36199411170682994,-0.030811601212004658,True,4586971
Harbin,full_region,rf_20,worldcover_crops,worldcover,f1,0.7632406206714747,AEF,0.7662805485351518,-0.0030399278636771276,True,4586971
Harbin,full_region,rf_20,worldcover_built,worldcover,f1,0.8168432258753043,AEF,0.8034762463590109,0.013366979516293398,True,4586971
Harbin,full_region,rf_20,worldcover_bare,worldcover,f1,0.2664828945440986,AEF,0.20585628220729857,0.060626612336800056,True,4586971
Harbin,full_region,rf_20,worldcover_water,worldcover,f1,0.8732163556660907,AEF,0.8753444550029079,-0.002128099336817235,True,4586971
Harbin,full_region,rf_20,dw_trees,dw,f1,0.7673660835045703,AEF,0.7793797708063759,-0.012013687301805631,True,4133906
Harbin,full_region,rf_20,dw_grass,dw,f1,0.2605610528201963,AEF,0.3145538326998755,-0.05399277987967921,True,4133906
Harbin,full_region,rf_20,dw_crops,dw,f1,0.7982639524861591,AEF,0.797411402549743,0.0008525499364161471,True,4133906
Harbin,full_region,rf_20,dw_built,dw,f1,0.9231531603902785,AEF,0.9210984766119645,0.0020546837783139704,True,4133906
Harbin,full_region,rf_20,dw_bare,dw,f1,0.1461536110516825,AEF,0.1854929534593492,-0.039339342407666705,True,4133906
Harbin,full_region,rf_20,osm_building,osm,f1,0.48120197151805166,Raw180,0.42102396246877716,0.060178009049274506,True,4586971
Harbin,full_region,rf_20,osm_road,osm,f1,0.6162283208341595,Raw180,0.5660667899978548,0.0501615308363047,True,4586971
Harbin,full_region,rf_20,osm_water,osm,f1,0.8796554978549586,Raw180,0.762830475309298,0.11682502254566052,True,4586971
Harbin,full_region,rf_20,osm_green,osm,f1,0.5853460207749842,Raw180,0.4428546512430376,0.14249136953194663,True,4586971
Harbin,full_region,rf_20,worldcover_trees,worldcover,f1,0.6824597085732739,Raw180,0.6545909289684059,0.027868779604868,True,4586971
Harbin,full_region,rf_20,worldcover_grass,worldcover,f1,0.3311825104948253,Raw180,0.32124216219940743,0.009940348295417845,True,4586971
Harbin,full_region,rf_20,worldcover_crops,worldcover,f1,0.7632406206714747,Raw180,0.7388419461960487,0.024398674475425985,True,4586971
Harbin,full_region,rf_20,worldcover_built,worldcover,f1,0.8168432258753043,Raw180,0.7820964778264101,0.034746748048894216,True,4586971
Harbin,full_region,rf_20,worldcover_bare,worldcover,f1,0.2664828945440986,Raw180,0.21617142115251278,0.05031147339158584,True,4586971
Harbin,full_region,rf_20,worldcover_water,worldcover,f1,0.8732163556660907,Raw180,0.8482445427273912,0.024971812938699434,True,4586971
Harbin,full_region,rf_20,dw_trees,dw,f1,0.7673660835045703,Raw180,0.7410620375384668,0.026304045966103473,True,4133906
Harbin,full_region,rf_20,dw_grass,dw,f1,0.2605610528201963,Raw180,0.2817215101425858,-0.02116045732238947,True,4133906
Harbin,full_region,rf_20,dw_crops,dw,f1,0.7982639524861591,Raw180,0.7733834299774097,0.024880522508749392,True,4133906
Harbin,full_region,rf_20,dw_built,dw,f1,0.9231531603902785,Raw180,0.8888411300368868,0.0343120303533917,True,4133906
Harbin,full_region,rf_20,dw_bare,dw,f1,0.1461536110516825,Raw180,0.1349016607695005,0.01125195028218201,True,4133906
Harbin,full_region,retrieval_3,osm_building,osm,ap,0.22495029248534454,AEF,0.15773208106247238,0.06721821142287215,True,4586971
Harbin,full_region,retrieval_3,osm_road,osm,ap,0.5427986762371804,AEF,0.44141430923515634,0.10138436700202402,True,4586971
Harbin,full_region,retrieval_3,osm_water,osm,ap,0.7476550314192181,AEF,0.42107507597572863,0.32657995544348944,True,4586971
Harbin,full_region,retrieval_3,osm_green,osm,ap,0.33086733422552617,AEF,0.2500454211095911,0.08082191311593506,True,4586971
Harbin,full_region,retrieval_3,osm_building,osm,ap,0.22495029248534454,Raw180,0.10021605692595031,0.12473423555939422,True,4586971
Harbin,full_region,retrieval_3,osm_road,osm,ap,0.5427986762371804,Raw180,0.2703629011678491,0.27243577506933125,True,4586971
Harbin,full_region,retrieval_3,osm_water,osm,ap,0.7476550314192181,Raw180,0.6079858774437191,0.13966915397549895,True,4586971
Harbin,full_region,retrieval_3,osm_green,osm,ap,0.33086733422552617,Raw180,0.27515175996008695,0.055715574265439216,True,4586971
Harbin,full_region,regression_5,worldcover_trees,worldcover,rmse,0.17295892204749283,AEF,0.1629930874838567,0.009965834563636117,True,17649
Harbin,full_region,regression_5,worldcover_grass,worldcover,rmse,0.12857855938823548,AEF,0.14087627060682786,-0.012297711218592383,True,17649
Harbin,full_region,regression_5,worldcover_crops,worldcover,rmse,0.18890582124336958,AEF,0.20634461469611762,-0.01743879345274804,True,17649
Harbin,full_region,regression_5,worldcover_built,worldcover,rmse,0.14594943880752317,AEF,0.15612315063275825,-0.010173711825235077,True,17649
Harbin,full_region,regression_5,worldcover_bare,worldcover,rmse,0.08365197648934454,AEF,0.0886857284407036,-0.005033751951359064,True,17649
Harbin,full_region,regression_5,worldcover_water,worldcover,rmse,0.16073949646565108,AEF,0.10304857757319877,0.057690918892452314,True,17649
Harbin,full_region,regression_5,dw_trees,dw,rmse,0.25757707940677005,AEF,0.23841916070987795,0.019157918696892096,True,15166
Harbin,full_region,regression_5,dw_grass,dw,rmse,0.08646966565468396,AEF,0.0766107026556665,0.009858962999017465,True,15166
Harbin,full_region,regression_5,dw_crops,dw,rmse,0.23383363298291363,AEF,0.2282040525913148,0.005629580391598832,True,15166
Harbin,full_region,regression_5,dw_built,dw,rmse,0.12632792509812849,AEF,0.12275016720870076,0.0035777578894277268,True,15166
Harbin,full_region,regression_5,dw_bare,dw,rmse,0.017240676239768698,AEF,0.01722283058315901,1.7845656609689203e-05,True,15166
Harbin,full_region,regression_5,worldcover_trees,worldcover,rmse,0.17295892204749283,Raw180,0.22968648897265323,-0.0567275669251604,True,17649
Harbin,full_region,regression_5,worldcover_grass,worldcover,rmse,0.12857855938823548,Raw180,0.14015837868650458,-0.011579819298269095,True,17649
Harbin,full_region,regression_5,worldcover_crops,worldcover,rmse,0.18890582124336958,Raw180,0.23322984868525753,-0.04432402744188796,True,17649
Harbin,full_region,regression_5,worldcover_built,worldcover,rmse,0.14594943880752317,Raw180,0.18381676088075563,-0.03786732207323246,True,17649
Harbin,full_region,regression_5,worldcover_bare,worldcover,rmse,0.08365197648934454,Raw180,0.0994037990611113,-0.015751822571766758,True,17649
Harbin,full_region,regression_5,worldcover_water,worldcover,rmse,0.16073949646565108,Raw180,0.10933441931096911,0.05140507715468197,True,17649
Harbin,full_region,regression_5,dw_trees,dw,rmse,0.25757707940677005,Raw180,0.25875712810362805,-0.0011800486968580048,True,15166
Harbin,full_region,regression_5,dw_grass,dw,rmse,0.08646966565468396,Raw180,0.07805519609055979,0.008414469564124172,True,15166
Harbin,full_region,regression_5,dw_crops,dw,rmse,0.23383363298291363,Raw180,0.21741624310065819,0.01641738988225544,True,15166
Harbin,full_region,regression_5,dw_built,dw,rmse,0.12632792509812849,Raw180,0.20434241187779156,-0.07801448677966308,True,15166
Harbin,full_region,regression_5,dw_bare,dw,rmse,0.017240676239768698,Raw180,0.01713272800561183,0.00010794823415686758,True,15166
